tag_normalized,tag
100 greatest movies,100 Greatest Movies
100 greatest movies,100 greatest movies
2d animation,2D animation
2d animation,2d animation
3-d,3-D
3-d,3-d
3d,3D
3d,3d
80's music,80's Music
80's music,80's music
a must see,A MUST SEE
a must see,a must see
aamir khan,Aamir Khan
aamir khan,aamir khan
aardman,Aardman
aardman,aardman
aaron eckhart,Aaron Eckhart
aaron eckhart,aaron eckhart
aaron paul,Aaron Paul
aaron paul,aaron paul
abbie cornish,Abbie Cornish
abbie cornish,abbie cornish
abe vigoda,Abe Vigoda
abe vigoda,abe vigoda
about rich people without real problems,About rich people without real problems
about rich people without real problems,about rich people without real problems
abrupt ending,Abrupt ending
abrupt ending,abrupt ending
absurd,Absurd
absurd,absurd
academia,Academia
academia,academia
academy award,Academy Award
academy award,academy award
accents,Accents
accents,accents
acceptance,Acceptance
acceptance,acceptance
acting,Acting
acting,acting
action,ACTION
action,Action
action,action
action thriller,Action thriller
action thriller,action thriller
actor's life,ACTOR'S LIFE
actor's life,actor's life
adam sandler,Adam SAndler
adam sandler,Adam Sandler
adam sandler,adam sandler
adam scott,Adam Scott
adam scott,adam scott
adam west,Adam West
adam west,adam west
adaptation,Adaptation
adaptation,adaptation
adapted from book,Adapted from book
adapted from book,adapted from book
adapted from:tv series,adapted from:TV series
adapted from:tv series,adapted from:tv series
added,Added
added,added
addiction,Addiction
addiction,addiction
adolescence is hell,ADOLESCENCE IS HELL
adolescence is hell,adolescence is hell
adoption,Adoption
adoption,adoption
adrenaline,Adrenaline
adrenaline,adrenaline
adrien brody,Adrien Brody
adrien brody,adrien brody
adventure,Adventure
adventure,adventure
advertising,Advertising
advertising,advertising
affair,Affair
affair,affair
afghanistan,Afghanistan
afghanistan,afghanistan
africa,Africa
africa,africa
african american,African American
african american,african american
african-american,African-American
african-american,african-american
aging,Aging
aging,aging
ahead of its time,Ahead of its time
ahead of its time,ahead of its time
aids,AIDS
aids,AIDs
aids,aids
air force,Air Force
air force,air force
airplane,Airplane
airplane,airplane
airport,Airport
airport,airport
akira kurosawa,Akira Kurosawa
akira kurosawa,akira kurosawa
al gore,Al Gore
al gore,al gore
al pacino,Al Pacino
al pacino,al pacino
alabama,Alabama
alabama,alabama
alan arkin,Alan Arkin
alan arkin,alan arkin
alan cumming,Alan Cumming
alan cumming,alan Cumming
alan moore,Alan Moore
alan moore,alan moore
alan rickman,Alan Rickman
alan rickman,alan rickman
alan smithee,Alan Smithee
alan smithee,alan smithee
alaska,Alaska
alaska,alaska
albert einstein,Albert Einstein
albert einstein,albert einstein
albert pyun,Albert Pyun
albert pyun,albert pyun
alcoholism,ALCOHOLISM
alcoholism,Alcoholism
alcoholism,alcoholism
alec baldwin,Alec Baldwin
alec baldwin,alec baldwin
alec guiness,Alec Guiness
alec guiness,alec guiness
alekos sakellarios,Alekos Sakellarios
alekos sakellarios,alekos sakellarios
alex pettyfer,Alex Pettyfer
alex pettyfer,alex pettyfer
alex proyas,Alex Proyas
alex proyas,alex proyas
alex ross perry,Alex Ross Perry
alex ross perry,alex ross perry
alexander payne,Alexander Payne
alexander payne,alexander payne
alexis bledel,Alexis Bledel
alexis bledel,alexis bledel
alfred molina,Alfred Molina
alfred molina,alfred molina
algeria,Algeria
algeria,algeria
alice eve,Alice Eve
alice eve,alice eve
alice in wonderland,Alice In Wonderland
alice in wonderland,alice in wonderland
alien,Alien
alien,alien
alien abduction,Alien Abduction
alien abduction,alien abduction
alien invasion,Alien Invasion
alien invasion,alien invasion
alienation,Alienation
alienation,alienation
aliens,Aliens
aliens,aliens
alison lohman,Alison Lohman
alison lohman,alison lohman
allegory,Allegory
allegory,allegory
allen ginsberg,Allen Ginsberg
allen ginsberg,allen ginsberg
allison janney,Allison Janney
allison janney,allison janney
alps,Alps
alps,alps
alter ego,Alter ego
alter ego,alter ego
alternate ending,Alternate ending
alternate ending,alternate ending
alternate reality,Alternate Reality
alternate reality,alternate reality
alternative realities,Alternative realities
alternative realities,alternative realities
altruism,Altruism
altruism,altruism
alzheimer's,Alzheimer's
alzheimer's,alzheimer's
amanda seyfried,Amanda Seyfried
amanda seyfried,amanda seyfried
amateurish,Amateurish
amateurish,amateurish
amazing,Amazing
amazing,amazing
amazing cinematography,Amazing Cinematography
amazing cinematography,amazing cinematography
amazing soundtrack,Amazing Soundtrack
amazing soundtrack,amazing soundtrack
amazing!,AMAZING!
amazing!,Amazing!
amazing!,amazing!
amazon,Amazon
amazon,amazon
amber heard,Amber Heard
amber heard,amber heard
ambiguous,Ambiguous
ambiguous,ambiguous
ambitious,Ambitious
ambitious,ambitious
america,America
america,america
america porn,America porn
america porn,america porn
american,American
american,american
american culture,American culture
american culture,american culture
american dream,American dream
american dream,american dream
american football,American Football
american football,American football
american football,american football
american history,American history
american history,american history
american propaganda,American propaganda
american propaganda,american propaganda
americana,Americana
americana,americana
americans abroad,AMERICANS ABROAD
americans abroad,americans abroad
americans save the world,Americans save the world
americans save the world,americans save the world
amish,Amish
amish,amish
amnesia,AMNESIA
amnesia,Amnesia
amnesia,amnesia
amorality,Amorality
amorality,amorality
amputee,Amputee
amputee,amputee
amy adams,Amy Adams
amy adams,amy adams
amy sedaris,Amy Sedaris
amy sedaris,amy sedaris
amy smart,Amy Smart
amy smart,amy smart
ancient greece,Ancient Greece
ancient greece,ancient greece
ancient rome,Ancient Rome
ancient rome,ancient Rome
ancient rome,ancient rome
andrei tarkovsky,Andrei Tarkovsky
andrei tarkovsky,andrei tarkovsky
andrew davis,Andrew Davis
andrew davis,andrew davis
andrew garfield,Andrew Garfield
andrew garfield,andrew garfield
androids,Androids
androids,androids
ang lee,Ang Lee
ang lee,ang lee
angelina jolie,Angelina Jolie
angelina jolie,angelina Jolie
angelina jolie,angelina jolie
angels,Angels
angels,angels
angry,Angry
angry,angry
animal,Animal
animal,animal
animal movie,Animal movie
animal movie,animal movie
animals,Animals
animals,animals
animals die :(,Animals die :(
animals die :(,animals die :(
animated,Animated
animated,animated
animated classic,Animated Classic
animated classic,animated classic
animation,Animation
animation,animation
anime,Anime
anime,anime
anjelica huston,Anjelica Huston
anjelica huston,anjelica huston
anna faris,Anna Faris
anna faris,anna faris
anna paquin,Anna Paquin
anna paquin,anna paquin
annasophia robb,AnnaSophia Robb
annasophia robb,Annasophia Robb
anne hathaway,Anne Hathaway
anne hathaway,anne hathaway
anne rice,Anne Rice
anne rice,anne rice
annette bening,Annette Bening
annette bening,annette bening
annoying,Annoying
annoying,annoying
another adaptation of _i am legend_,another adaptation of _I Am Legend_
another adaptation of _i am legend_,another adaptation of _I am Legend_
antarctica,Antarctica
antarctica,antarctica
anthology,Anthology
anthology,anthology
anthony hopkins,Anthony Hopkins
anthony hopkins,Anthony hopkins
anthony hopkins,anthony hopkins
anthony perkins,Anthony Perkins
anthony perkins,anthony perkins
anthropomorphic,Anthropomorphic
anthropomorphic,anthropomorphic
anti-corporation,Anti-Corporation
anti-corporation,anti-corporation
anti-hero,Anti-Hero
anti-hero,anti-hero
anti-semitism,Anti-semitism
anti-semitism,anti-Semitism
anti-semitism,anti-semitism
antichrist,Antichrist
antichrist,antichrist
antihero,Antihero
antihero,antihero
antisemitism,Antisemitism
antisemitism,antisemitism
antonio banderas,Antonio Banderas
antonio banderas,antonio banderas
apartheid,Apartheid
apartheid,apartheid
apes,Apes
apes,apes
apocalypse,Apocalypse
apocalypse,apocalypse
appalachia,Appalachia
appalachia,appalachia
apple,Apple
apple,apple
arabic,Arabic
arabic,arabic
archery,Archery
archery,archery
architecture,Architecture
architecture,architecture
arctic,Arctic
arctic,arctic
aretha franklin,Aretha Franklin
aretha franklin,aretha franklin
argentina,Argentina
argentina,argentina
armenian,Armenian
armenian,armenian
armor,Armor
armor,armor
arnold,Arnold
arnold,arnold
arnold schwarzenegger,Arnold Schwarzenegger
arnold schwarzenegger,arnold schwarzenegger
art,Art
art,art
art direction,Art Direction
art direction,art direction
artificial human,Artificial human
artificial human,artificial human
artificial intelligence,Artificial Intelligence
artificial intelligence,artificial intelligence
artist,Artist
artist,artist
artistic,Artistic
artistic,artistic
artsy,Artsy
artsy,artsy
ashton kutcher,Ashton Kutcher
ashton kutcher,ashton kutcher
asimov,Asimov
asimov,asimov
asperger syndrome,Asperger syndrome
asperger syndrome,asperger syndrome
assassin,Assassin
assassin,assassin
assassins,Assassins
assassins,assassins
assumed identities,ASSUMED IDENTITIES
assumed identities,assumed identities
atheism,Atheism
atheism,atheism
athletics,Athletics
athletics,athletics
atlanta,Atlanta
atlanta,atlanta
atlantis,Atlantis
atlantis,atlantis
atmosphere,Atmosphere
atmosphere,atmosphere
atmospheric,ATMOSPHERIC
atmospheric,Atmospheric
atmospheric,atmospheric
atomic bomb,Atomic bomb
atomic bomb,atomic bomb
aubrey plaza,Aubrey Plaza
aubrey plaza,aubrey plaza
auckland,Auckland
auckland,auckland
audrey hepburn,Audrey Hepburn
audrey hepburn,audrey hepburn
audrey tatou,Audrey Tatou
audrey tatou,audrey tatou
audrey tautou,Audrey Tautou
audrey tautou,audrey tautou
australia,Australia
australia,australia
australian,Australian
australian,australian
austria,Austria
austria,austria
author:anne rice,author:Anne Rice
author:anne rice,author:anne rice
author:henry james,Author:Henry James
author:henry james,author:Henry James
author:stieg larsson,author:Stieg  Larsson
author:stieg larsson,author:Stieg Larsson
avant garde,Avant Garde
avant garde,avant garde
avant-garde,Avant-Garde
avant-garde,avant-garde
aviation,Aviation
aviation,aviation
awesome,AWESOME
awesome,Awesome
awesome,awesome
awesome soundtrack,Awesome Soundtrack
awesome soundtrack,awesome soundtrack
awful soundtrack,Awful Soundtrack
awful soundtrack,awful soundtrack
awful...just awful,Awful...just awful
awful...just awful,awful...just awful
awkward,Awkward
awkward,awkward
ayn rand,Ayn Rand
ayn rand,ayn rand
b&w,B&W
b&w,b&w
b-movie,B-Movie
b-movie,B-movie
b-movie,b-movie
bachelor party,Bachelor Party
bachelor party,bachelor party
bad,Bad
bad,bad
bad acting,Bad Acting
bad acting,Bad acting
bad acting,bad acting
bad adaptation,Bad Adaptation
bad adaptation,bad adaptation
bad casting,Bad casting
bad casting,bad casting
bad cgi,Bad CGI
bad cgi,bad CGI
bad cgi,bad cgi
bad direction,Bad direction
bad direction,bad direction
bad dub,Bad dub
bad dub,bad dub
bad end,Bad End
bad end,bad end
bad ending,Bad ending
bad ending,bad ending
bad jokes,Bad jokes
bad jokes,bad jokes
bad music,Bad Music
bad music,bad music
bad pacing,Bad Pacing
bad pacing,bad pacing
bad remake,Bad Remake
bad remake,Bad remake
bad remake,bad remake
bad science,Bad Science
bad science,bad science
bad special effects,BAD special effects
bad special effects,Bad special effects
bad special effects,bad Special Effects
bad special effects,bad special effects
badass,Badass
badass,badass
badly made,Badly made
badly made,badly made
badly written,Badly written
badly written,badly written
bahamas,Bahamas
bahamas,bahamas
baja california,Baja California
baja california,baja california
baltimore,Baltimore
baltimore,baltimore
bane,Bane
bane,bane
bangkok,Bangkok
bangkok,bangkok
bank robbery,BANK ROBBERY
bank robbery,bank robbery
banter,Banter
banter,banter
bar,BAr
bar,bar
barbara hershey,Barbara Hershey
barbara hershey,barbara hershey
bare chested male,Bare chested male
bare chested male,bare chested male
baseball,Baseball
baseball,baseball
based on a book,Based On A Book
based on a book,Based on a Book
based on a book,Based on a book
based on a book,based on  a book
based on a book,based on a book
based on a cartoon,Based on a cartoon
based on a cartoon,based on a cartoon
based on a comic book,Based on a comic book
based on a comic book,based on a comic book
based on a musical,Based on a musical
based on a musical,based on a musical
based on a novel,Based on a novel
based on a novel,based on a novel
based on a play,Based on a play
based on a play,based on a play
based on a true story,Based On A True Story
based on a true story,Based on a true story
based on a true story,based on a true story
based on a tv series,Based on a TV series
based on a tv series,based on a TV series
based on a tv series,based on a tv series
based on a tv show,Based on a TV Show
based on a tv show,Based on a TV show
based on a tv show,based on a TV show
based on a tv show,based on a tv show
based on book,BASED ON BOOK
based on book,Based on Book
based on book,Based on book
based on book,based on book
based on comic,Based on comic
based on comic,based on comic
based on comic book,Based On Comic Book
based on comic book,based on comic book
based on novel,Based On Novel
based on novel,based on novel
based on tv series,based on TV series
based on tv series,based on tv series
based on video game,Based on Video Game
based on video game,based on video game
basil rathbone,Basil Rathbone
basil rathbone,basil rathbone
basketball,Basketball
basketball,basketball
batman,Batman
batman,batman
bats,Bats
bats,bats
battle of the sexes,BATTLE OF THE SEXES
battle of the sexes,battle of the sexes
battles,Battles
battles,battles
bbc,BBC
bbc,bbc
bdsm,BDSM
bdsm,bdsm
bears,Bears
bears,bears
beatles,Beatles
beatles,beatles
beau bridges,Beau Bridges
beau bridges,beau bridges
beautiful,BEAUTIFUL
beautiful,Beautiful
beautiful,beautiful
beautiful woman,Beautiful Woman
beautiful woman,beautiful woman
beauty,Beauty
beauty,beauty
bechdel test: pass,Bechdel Test: Pass
bechdel test: pass,Bechdel Test: pass
bechdel test: pass,Bechdel test: pass
bechdel test: pass,bechdel test: pass
bechdel test:fail,Bechdel Test:Fail
bechdel test:fail,Bechdel test:Fail
bechdel test:pass,Bechdel Test:Pass
bechdel test:pass,Bechdel test:Pass
bechdel test:pass,bechdel test:pass
bechdel test:pass (barely),Bechdel Test:Pass (barely)
bechdel test:pass (barely),Bechdel test:pass (barely)
bees,Bees
bees,bees
beethoven,Beethoven
beethoven,beethoven
behind enemy lines,BEHIND ENEMY LINES
behind enemy lines,behind enemy lines
bela tarr,Bela Tarr
bela tarr,bela tarr
belgium,Belgium
belgium,belgium
believe,Believe
believe,believe
below r,Below R
below r,below r
ben affleck,Ben Affleck
ben affleck,ben affleck
ben kingsley,Ben Kingsley
ben kingsley,ben kingsley
ben stiller,Ben Stiller
ben stiller,ben stiller
ben whishaw,Ben Whishaw
ben whishaw,ben whishaw
benedict cumberbatch,Benedict Cumberbatch
benedict cumberbatch,benedict cumberbatch
benicio del toro,Benicio Del Toro
benicio del toro,Benicio del toro
benicio del toro,benicio del toro
berlin,Berlin
berlin,berlin
best christmas movie,Best Christmas movie
best christmas movie,best christmas movie
best ever,Best ever
best ever,best ever
best movie ever,Best Movie Ever
best movie ever,best movie ever
best of 2005,Best of 2005
best of 2005,best of 2005
best performance: anthony hopkins as hannibal lecter,Best Performance:  Anthony Hopkins as Hannibal Lecter
best performance: anthony hopkins as hannibal lecter,best performance:  anthony hopkins as hannibal lecter
best picture,BEST PICTURE
best picture,best picture
best war films,Best War Films
best war films,best war films
betrayal,Betrayal
betrayal,betrayal
better than expected,Better than expected
better than expected,better than expected
better than the first,Better than the First
better than the first,better than the first
better than the remake,Better than the remake
better than the remake,better than the remake
betty white,Betty White
betty white,betty white
beyond the iron courtain,beyond the Iron Courtain
beyond the iron courtain,beyond the iron courtain
biased,Biased
biased,biased
bible,Bible
bible,bible
biblical,Biblical
biblical,biblical
big boys with guns,Big Boys with Guns
big boys with guns,big boys with guns
big pharmaceutical,Big Pharmaceutical
big pharmaceutical,big pharmaceutical
bilbo,Bilbo
bilbo,bilbo
bill murray,Bill Murray
bill murray,bill murray
billy crudup,Billy Crudup
billy crudup,billy crudup
billy crystal,Billy Crystal
billy crystal,billy crystal
billy wilder,Billy Wilder
billy wilder,billy wilder
bing crosby,Bing Crosby
bing crosby,bing crosby
biography,Biography
biography,biography
biography?,Biography?
biography?,biography?
biopic,Biopic
biopic,biopic
bisexuality,Bisexuality
bisexuality,bisexuality
bittersweet,Bittersweet
bittersweet,bittersweet
bizarre,Bizarre
bizarre,bizarre
bizzare,Bizzare
bizzare,bizzare
bjork,Bjork
bjork,bjork
black & white,Black & White
black & white,black & white
black comedy,Black Comedy
black comedy,Black comedy
black comedy,black comedy
black humour,Black Humour
black humour,black humour
black metal,Black Metal
black metal,black metal
black widow,Black Widow
black widow,black widow
blackjack,Blackjack
blackjack,blackjack
blackmail,Blackmail
blackmail,blackmail
bland,Bland
bland,bland
bleak,Bleak
bleak,bleak
blender,Blender
blender,blender
blindfold,Blindfold
blindfold,blindfold
blindness,Blindness
blindness,blindness
blockbuster,Blockbuster
blockbuster,blockbuster
blood,Blood
blood,blood
blood splatters,Blood Splatters
blood splatters,blood splatters
blooper reel,Blooper Reel
blooper reel,blooper reel
blue collar,Blue Collar
blue collar,blue collar
blues,Blues
blues,blues
bmw,BMW
bmw,bmw
boarding school,Boarding School
boarding school,boarding school
boat,Boat
boat,boat
bob dylan,Bob Dylan
bob dylan,bob dylan
bob hoskins,Bob Hoskins
bob hoskins,bob hoskins
body horror,Body Horror
body horror,body horror
bodyguard,Bodyguard
bodyguard,bodyguard
bogart,Bogart
bogart,bogart
bollywood,Bollywood
bollywood,bollywood
bond,Bond
bond,bond
bondage,Bondage
bondage,bondage
boobs,BOOBS
boobs,Boobs
boobs,boobs
book,Book
book,book
book adaptation,Book Adaptation
book adaptation,Book adaptation
book adaptation,book adaptation
bootytastic,Bootytastic
bootytastic,bootytastic
borat,Borat
borat,borat
boring,Boring
boring,boring
boring!,BORING!
boring!,boring!
boris karloff,Boris Karloff
boris karloff,boris karloff
bosnia,Bosnia
bosnia,bosnia
boston,Boston
boston,boston
bounty hunters,BOUNTY HUNTERS
bounty hunters,bounty hunters
bowling,Bowling
bowling,bowling
boxing,Boxing
boxing,boxing
brad anderson,Brad Anderson
brad anderson,brad anderson
brad bird,Brad Bird
brad bird,Brad bird
brad pitt,Brad Pitt
brad pitt,brad pitt
bradley cooper,Bradley Cooper
bradley cooper,bradley cooper
brando,Brando
brando,brando
brandon routh,Brandon Routh
brandon routh,Brandon routh
brasil,Brasil
brasil,brasil
brazil,Brazil
brazil,brazil
breaking the fourth wall,Breaking The Fourth Wall
breaking the fourth wall,breaking the fourth wall
breathtaking,Breathtaking
breathtaking,breathtaking
brechtian,Brechtian
brechtian,brechtian
brendan fraser,Brendan Fraser
brendan fraser,brendan fraser
brian blessed,Brian Blessed
brian blessed,brian blessed
brian depalma,Brian DePalma
brian depalma,brian depalma
brighton beach,Brighton Beach
brighton beach,brighton beach
brilliant,Brilliant
brilliant,brilliant
britain,Britain
britain,britain
british,British
british,british
british accent,British accent
british accent,british accent
british accents,British accents
british accents,british accents
british columbia,British Columbia
british columbia,british columbia
british comedy,British Comedy
british comedy,British comedy
british comedy,british comedy
british humor,British Humor
british humor,british humor
british humour,British Humour
british humour,british humour
brittany snow,Brittany Snow
brittany snow,brittany snow
broadway,Broadway
broadway,broadway
broken english,broken English
broken english,broken english
bromance,Bromance
bromance,bromance
brooklyn,Brooklyn
brooklyn,brooklyn
brothers,Brothers
brothers,brothers
bruce campbell,Bruce Campbell
bruce campbell,bruce campbell
bruce lee,Bruce Lee
bruce lee,bruce lee
bruce willis,Bruce Willis
bruce willis,bruce willis
bruno ganz,Bruno Ganz
bruno ganz,bruno ganz
brussels,Brussels
brussels,brussels
bud spencer,Bud Spencer
bud spencer,bud spencer
buddhism,Buddhism
buddhism,buddhism
buddhist monks,Buddhist monks
buddhist monks,buddhist monks
buddy movie,Buddy Movie
buddy movie,Buddy movie
buddy movie,buddy movie
bullshit,Bullshit
bullshit,bullshit
bully,Bully
bully,bully
bullying,Bullying
bullying,bullying
burlesque,Burlesque
burlesque,burlesque
burma,Burma
burma,burma
burton,Burton
burton,burton
busby berkeley,Busby Berkeley
busby berkeley,busby berkeley
business,Business
business,business
business is the antagonist,Business is the antagonist
business is the antagonist,business is the antagonist
buster keaton,Buster Keaton
buster keaton,buster keaton
butler,Butler
butler,butler
byron haskin,Byron Haskin
byron haskin,byron haskin
byung-hun lee,Byung-hun Lee
byung-hun lee,byung-hun Lee
california,California
california,california
calm,Calm
calm,calm
cameos,Cameos
cameos,cameos
camera work,Camera work
camera work,camera work
cameron crowe,Cameron Crowe
cameron crowe,cameron crowe
cameron diaz,Cameron Diaz
cameron diaz,cameron diaz
camp,Camp
camp,camp
campy,Campy
campy,campy
can be a playlist,Can Be A Playlist
can be a playlist,Can Be a Playlist
can't remember,Can't remember
can't remember,can't remember
canada,Canada
canada,canada
canadian,Canadian
canadian,canadian
cancer,Cancer
cancer,cancer
cannabalism,Cannabalism
cannabalism,cannabalism
cannibals,CANNIBALS
cannibals,cannibals
cantonese,Cantonese
cantonese,cantonese
caper,Caper
caper,caper
capital punishment,Capital Punishment
capital punishment,capital punishment
capitalism,Capitalism
capitalism,capitalism
captivating,Captivating
captivating,captivating
car chase,Car Chase
car chase,Car chase
car chase,car chase
car chases,Car Chases
car chases,car chases
car racing,Car Racing
car racing,car racing
card counting,Card Counting
card counting,card counting
carl sagan,Carl Sagan
carl sagan,carl sagan
carl theodor dreyer,Carl Theodor Dreyer
carl theodor dreyer,Carl theodor dreyer
carol reed,Carol Reed
carol reed,carol reed
carpe diem,Carpe Diem
carpe diem,carpe diem
carrie fisher,Carrie Fisher
carrie fisher,carrie fisher
cars,Cars
cars,cars
cartoon,Cartoon
cartoon,cartoon
cary grant,Cary Grant
cary grant,cary grant
casey affleck,Casey Affleck
casey affleck,casey affleck
casino,Casino
casino,casino
cast,Cast
cast,cast
casting,Casting
casting,casting
cat,Cat
cat,cat
catchy score,Catchy Score
catchy score,catchy score
cate blanchett,Cate Blanchett
cate blanchett,cate blanchett
catherine deneuve,Catherine Deneuve
catherine deneuve,catherine deneuve
catholic,Catholic
catholic,catholic
catwoman,Catwoman
catwoman,catwoman
cerebral,Cerebral
cerebral,cerebral
cgi,CGI
cgi,cgi
chad,Chad
chad,chad
chainsaw,Chainsaw
chainsaw,chainsaw
chan-wook park,Chan-Wook Park
chan-wook park,Chan-wook Park
change of heart,Change of heart
change of heart,change of heart
change the world,Change the world
change the world,change the world
channing tatum,Channing Tatum
channing tatum,channing tatum
chaplin,Chaplin
chaplin,chaplin
character development,Character Development
character development,Character development
character development,character development
character driven,Character driven
character driven,character driven
character study,Character study
character study,character study
characterization,Characterization
characterization,characterization
characters,Characters
characters,characters
characters with great depth,Characters with great depth
characters with great depth,characters with great depth
charles bronson,Charles Bronson
charles bronson,charles bronson
charles laughton,Charles Laughton
charles laughton,Charles laughton
charlie day,Charlie Day
charlie day,charlie day
charlie hunnam,Charlie Hunnam
charlie hunnam,charlie hunnam
charlie kaufman,Charlie Kaufman
charlie kaufman,charlie kaufman
charlie sheen,Charlie Sheen
charlie sheen,charlie sheen
charlize theron,Charlize Theron
charlize theron,charlize theron
che guevara,Che Guevara
che guevara,che guevara
cheating,Cheating
cheating,cheating
cheese,Cheese
cheese,cheese
cheesy,Cheesy
cheesy,cheesy
chen kaige,Chen Kaige
chen kaige,chen kaige
chevy chase,Chevy Chase
chevy chase,chevy chase
chicago,Chicago
chicago,chicago
chick flick,Chick Flick
chick flick,Chick flick
chick flick,chick flick
child abuse,Child Abuse
child abuse,Child abuse
child abuse,child abuse
child actors,Child Actors
child actors,child actors
child as adult,Child as Adult
child as adult,child as adult
child killing,Child killing
child killing,child killing
child murder,Child Murder
child murder,child murder
child pornography,Child pornography
child pornography,child pornography
childhood,Childhood
childhood,childhood
childhood friends,Childhood Friends
childhood friends,childhood friends
children,Children
children,children
childrens,Childrens
childrens,childrens
chile,Chile
chile,chile
china,China
china,china
chinese,Chinese
chinese,chinese
chinese culture,Chinese culture
chinese culture,chinese culture
chinese humor,Chinese Humor
chinese humor,chinese humor
chloe sevigny,Chloe Sevigny
chloe sevigny,chloe sevigny
chocolate,Chocolate
chocolate,chocolate
choir,Choir
choir,choir
chow yun-fat,Chow Yun-Fat
chow yun-fat,chow yun-fat
chris columbus,Chris Columbus
chris columbus,chris columbus
chris evans,Chris Evans
chris evans,chris evans
chris farley,Chris Farley
chris farley,chris farley
chris hemsworth,Chris Hemsworth
chris hemsworth,chris hemsworth
chris messina,Chris Messina
chris messina,chris messina
chris owen,Chris Owen
chris owen,chris owen
chris pratt,Chris Pratt
chris pratt,chris pratt
chris rock,Chris Rock
chris rock,chris rock
chris sanders,Chris Sanders
chris sanders,chris sanders
chris tucker,Chris Tucker
chris tucker,chris tucker
christian,CHRISTIAN
christian,Christian
christian,christian
christian bale,Christian Bale
christian bale,christian bale
christian mckay,Christian McKay
christian mckay,Christian Mckay
christian slater,Christian Slater
christian slater,christian slater
christianity,Christianity
christianity,christianity
christmas,Christmas
christmas,christmas
christmas movie,Christmas movie
christmas movie,christmas movie
christoph waltz,Christoph Waltz
christoph waltz,christoph waltz
christopher lambert,Christopher Lambert
christopher lambert,Christopher lambert
christopher lambert,christopher lambert
christopher lloyd,Christopher LLoyd
christopher lloyd,Christopher Lloyd
christopher lloyd,christopher lloyd
christopher nolan,Christopher Nolan
christopher nolan,christopher nolan
christopher reeve,Christopher Reeve
christopher reeve,christopher reeve
christopher walken,Christopher Walken
christopher walken,christopher walken
chuck jones,Chuck Jones
chuck jones,chuck jones
chuck norris,Chuck Norris
chuck norris,Chuck norris
chuck norris,chuck norris
chuck palahniuk,Chuck Palahniuk
chuck palahniuk,chuck palahniuk
cia,CIA
cia,cia
cillian murphy,Cillian Murphy
cillian murphy,cillian murphy
cincinnati,Cincinnati
cincinnati,cincinnati
cinderella,Cinderella
cinderella,cinderella
cinemascope,CinemaScope
cinemascope,cinemascope
cinematography,Cinematography
cinematography,cinematography
cinerama,Cinerama
cinerama,cinerama
cinéma vérité,Cinéma vérité
cinéma vérité,cinéma vérité
circus,Circus
circus,circus
civil rights,Civil Rights
civil rights,civil rights
civil war,Civil War
civil war,civil war
claire danes,Claire Danes
claire danes,claire danes
clancy brown,Clancy Brown
clancy brown,clancy brown
class,CLASS
class,Class
class,class
class differences,CLASS DIFFERENCES
class differences,Class Differences
class differences,class differences
classic,Classic
classic,classic
classic animation,Classic Animation
classic animation,classic animation
classic comedy,Classic Comedy
classic comedy,classic comedy
classic horror,Classic Horror
classic horror,classic horror
classic romance,Classic Romance
classic romance,classic romance
classic teen horror,Classic teen horror
classic teen horror,classic teen horror
classic thriller,Classic Thriller
classic thriller,classic thriller
classical music,Classical music
classical music,classical music
classical studies,Classical Studies
classical studies,classical studies
classism,Classism
classism,classism
claustrophobic,Claustrophobic
claustrophobic,claustrophobic
claymation,Claymation
claymation,claymation
clea duvall,Clea DuVall
clea duvall,Clea Duvall
clean,Clean
clean,clean
clever,Clever
clever,clever
cliche,Cliche
cliche,cliche
cliched,Cliched
cliched,cliched
cliches,Cliches
cliches,cliches
cliché,Cliché
cliché,cliché
clint eastwood,Clint Eastwood
clint eastwood,clint eastwood
clinton,Clinton
clinton,clinton
clive barker,Clive Barker
clive barker,clive barker
clive owen,Clive Owen
clive owen,clive owen
clones,Clones
clones,clones
close-ups,Close-ups
close-ups,close-ups
clowns,Clowns
clowns,clowns
cnn,CNN
cnn,cnn
coaching,Coaching
coaching,coaching
coen,Coen
coen,coen
coen bros,Coen Bros
coen bros,coen bros
coen brothers,Coen Brothers
coen brothers,Coen brothers
coen brothers,coen brothers
cohen,Cohen
cohen,cohen
cold,Cold
cold,cold
cold war,Cold War
cold war,Cold war
cold war,cold war
cole porter,Cole Porter
cole porter,cole porter
colin farrell,Colin Farrell
colin farrell,colin farrell
colin firth,Colin Firth
colin firth,colin firth
college,College
college,college
college basketball,College basketball
college basketball,college basketball
colombia,Colombia
colombia,colombia
colonial,Colonial
colonial,colonial
colonialism,COLONIALISM
colonialism,Colonialism
colonialism,colonialism
colorado,Colorado
colorado,colorado
colors,Colors
colors,colors
columbia,Columbia
columbia,columbia
comdey,Comdey
comdey,comdey
comedy,COMEDY
comedy,Comedy
comedy,comedy
comedy romance,Comedy Romance
comedy romance,comedy romance
comic book,Comic Book
comic book,Comic book
comic book,comic book
comic book adaptation,Comic Book Adaptation
comic book adaptation,comic book adaptation
comic bookie,Comic bookie
comic bookie,comic bookie
comic movie,Comic Movie
comic movie,comic movie
comics,Comics
comics,comics
coming of age,Coming Of Age
coming of age,Coming of Age
coming of age,Coming of age
coming of age,coming of age
coming-of-age,Coming-Of-Age
coming-of-age,Coming-of-Age
coming-of-age,coming-of-age
communication,Communication
communication,communication
communism,Communism
communism,communism
compassion,Compassion
compassion,compassion
competition,Competition
competition,competition
complex,Complex
complex,complex
complicated,Complicated
complicated,complicated
complicated plot,Complicated plot
complicated plot,complicated plot
computer,Computer
computer,computer
computer animation,Computer Animation
computer animation,computer animation
computers,Computers
computers,computers
con,Con
con,con
con artist,Con Artist
con artist,con artist
concert,Concert
concert,concert
concierge,Concierge
concierge,concierge
condescending,Condescending
condescending,condescending
coney island,Coney Island
coney island,coney island
confidence game,Confidence Game
confidence game,confidence game
confused,Confused
confused,confused
congress,Congress
congress,congress
cons and scams,CONS AND SCAMS
cons and scams,cons and scams
conspiracy,Conspiracy
conspiracy,conspiracy
conspiracy theory,Conspiracy Theory
conspiracy theory,conspiracy theory
contrived,Contrived
contrived,contrived
contrived plot,Contrived plot
contrived plot,contrived plot
convent,Convent
convent,convent
cool,COOL
cool,Cool
cool,cool
coping with loss,Coping With Loss
coping with loss,coping with loss
cops,Cops
cops,cops
corey haim,Corey Haim
corey haim,corey haim
corny,Corny
corny,corny
corporate america,corporate America
corporate america,corporate america
corporate espionage,Corporate espionage
corporate espionage,corporate espionage
corrupt government,Corrupt Government
corrupt government,corrupt government
corruption,Corruption
corruption,corruption
costume,Costume
costume,costume
costumes,Costumes
costumes,costumes
could have been better,Could have been better
could have been better,could have been better
couldn't finish,Couldn't finish
couldn't finish,couldn't finish
country,Country
country,country
courtroom,Courtroom
courtroom,courtroom
covert,Covert
covert,covert
crap,Crap
crap,crap
crappy remake,Crappy Remake
crappy remake,crappy remake
crazy,Crazy
crazy,crazy
crazy guy,Crazy Guy
crazy guy,crazy guy
creative,CREATIVE
creative,Creative
creative,creative
creature feature,Creature Feature
creature feature,creature feature
creepy,CREEPY
creepy,Creepy
creepy,creepy
creepy good,Creepy good
creepy good,creepy good
creepy kid,Creepy kid
creepy kid,creepy kid
crime,Crime
crime,crime
crime drama,Crime Drama
crime drama,crime drama
crime family,Crime Family
crime family,crime family
crime gone awry,CRIME GONE AWRY
crime gone awry,crime gone awry
crime sprees,CRIME SPREES
crime sprees,crime sprees
crisis of conscience,CRISIS OF CONSCIENCE
crisis of conscience,Crisis of conscience
crispin glover,Crispin Glover
crispin glover,crispin glover
criterion,Criterion
criterion,criterion
criticada,CRITICADA
criticada,criticada
critical thinking,Critical thinking
critical thinking,critical thinking
criticism,Criticism
criticism,criticism
criticker top pick,Criticker top pick
criticker top pick,criticker top pick
crossdressing,Crossdressing
crossdressing,crossdressing
crowe,Crowe
crowe,crowe
crude,Crude
crude,crude
cruel,Cruel
cruel,cruel
crusades,Crusades
crusades,crusades
cuba,Cuba
cuba,cuba
cuban missile crisis,Cuban missile crisis
cuban missile crisis,cuban missile crisis
cult classic,Cult Classic
cult classic,Cult classic
cult classic,cult classic
cult film,Cult film
cult film,cult film
culture,Culture
culture,culture
culture clash,CULTURE CLASH
culture clash,culture clash
curse,Curse
curse,curse
cute,Cute
cute,cute
cute animals,Cute animals
cute animals,cute animals
cute!,Cute!
cute!,cute!
cyberpunk,Cyberpunk
cyberpunk,cyberpunk
cynicism,Cynicism
cynicism,cynicism
czech,Czech
czech,czech
dad,Dad
dad,dad
daft punk,Daft Punk
daft punk,daft punk
dakota fanning,Dakota Fanning
dakota fanning,dakota fanning
dalai lama,Dalai Lama
dalai lama,dalai lama
dallas roberts,Dallas Roberts
dallas roberts,dallas roberts
damn the man,Damn the man
damn the man,damn the man
dan akroyd,Dan Akroyd
dan akroyd,dan akroyd
dan brown,Dan Brown
dan brown,dan brown
dan curtis,Dan Curtis
dan curtis,dan curtis
dance,Dance
dance,dance
dancing,Dancing
dancing,dancing
dane cook,Dane Cook
dane cook,dane cook
daniel craig,Daniel Craig
daniel craig,daniel craig
daniel radcliffe,Daniel RADCLIFFE
daniel radcliffe,Daniel Radcliffe
danish,Danish
danish,danish
danny boyle,Danny Boyle
danny boyle,danny boyle
danny elfman,Danny Elfman
danny elfman,danny elfman
danny glover,Danny Glover
danny glover,danny glover
danny trejo,Danny Trejo
danny trejo,danny trejo
daredevil,Daredevil
daredevil,daredevil
daring,Daring
daring,daring
dario argento,Dario Argento
dario argento,dario argento
dark,DARK
dark,Dark
dark,dark
dark comedy,DARK COMEDY
dark comedy,Dark Comedy
dark comedy,Dark comedy
dark comedy,dark comedy
dark fantasy,Dark fantasy
dark fantasy,dark fantasy
dark hero,Dark hero
dark hero,dark hero
dark humor,Dark Humor
dark humor,dark humor
darkness,Darkness
darkness,darkness
darth vader,Darth Vader
darth vader,darth vader
dashiell hammett,Dashiell Hammett
dashiell hammett,Dashiell hammett
date movie,Date movie
date movie,date movie
date rape,Date Rape
date rape,date rape
dated,Dated
dated,dated
dave franco,Dave Franco
dave franco,dave franco
dave mckean,Dave McKean
dave mckean,dave mckean
david and goliath,David and Goliath
david and goliath,david and goliath
david attenborough,David Attenborough
david attenborough,david attenborough
david bowie,David Bowie
david bowie,david bowie
david caruso,David Caruso
david caruso,david caruso
david cross,David Cross
david cross,david cross
david fincher,David FIncher
david fincher,David Fincher
david fincher,david fincher
david grohl,David Grohl
david grohl,david grohl
david lynch,David Lynch
david lynch,david lynch
david mamet,David Mamet
david mamet,david mamet
david spade,David Spade
david spade,david spade
david tennant,David Tennant
david tennant,david tennant
day of the dead,Day of the dead
day of the dead,day of the dead
dc,DC
dc,dc
dc comics,DC Comics
dc comics,dc comics
de niro,De Niro
de niro,de niro
dead nazis,Dead Nazis
dead nazis,dead nazis
deal with the devil,DEAL WITH THE DEVIL
deal with the devil,deal with the devil
death,Death
death,death
death of a child,DEATH OF A CHILD
death of a child,death of a child
death of a parent,DEATH OF A PARENT
death of a parent,death of a parent
death of a spouse,DEATH OF A SPOUSE
death of a spouse,death of a spouse
death penalty,Death Penalty
death penalty,Death penalty
death penalty,death penalty
debate,Debate
debate,debate
decadence,Decadence
decadence,decadence
decent sequel,Decent sequel
decent sequel,decent sequel
deception,Deception
deception,deception
deceptive,Deceptive
deceptive,deceptive
dedication,Dedication
dedication,dedication
deep,Deep
deep,deep
dehumanization,Dehumanization
dehumanization,dehumanization
delorean,DeLorean
delorean,delorean
demetri martin,Demetri Martin
demetri martin,demetri martin
demon,Demon
demon,demon
demons,Demons
demons,demons
deniro,DeNiro
deniro,deniro
denmark,Denmark
denmark,denmark
dennis hopper,Dennis Hopper
dennis hopper,dennis hopper
denver,Denver
denver,denver
denzel washington,Denzel Washington
denzel washington,denzel washington
department store,Department Store
department store,department store
depp,Depp
depp,depp
depp & burton,Depp & Burton
depp & burton,depp & burton
depressing,DEPRESSING
depressing,Depressing
depressing,depressing
depression,Depression
depression,depression
depression-era,Depression-era
depression-era,depression-era
desert,Desert
desert,desert
detective,Detective
detective,detective
detroit,Detroit
detroit,detroit
deutsch,Deutsch
deutsch,deutsch
devil,Devil
devil,devil
devil worship,DEVIL WORSHIP
devil worship,devil worship
dialogs,Dialogs
dialogs,dialogs
dialogue,Dialogue
dialogue,dialogue
dialogue driven,Dialogue Driven
dialogue driven,dialogue driven
diane keaton,Diane Keaton
diane keaton,diane keaton
diane lane,Diane Lane
diane lane,diane lane
dianne wiest,Dianne Wiest
dianne wiest,dianne wiest
diary,Diary
diary,diary
dick van dyke,Dick Van Dyke
dick van dyke,Dick van Dyke
dickens,Dickens
dickens,dickens
dictatorship,Dictatorship
dictatorship,dictatorship
didn't finish,Didn't finish
didn't finish,didn't finish
didn't see,Didn't see
didn't see,didn't see
diego luna,Diego Luna
diego luna,diego luna
dieselpunk,Dieselpunk
dieselpunk,dieselpunk
different,Different
different,different
different from book,Different from book
different from book,different from book
dina meyer,Dina Meyer
dina meyer,dina meyer
dinosaur,Dinosaur
dinosaur,dinosaur
dinosaurs,Dinosaurs
dinosaurs,dinosaurs
directing,Directing
directing,directing
direction,Direction
direction,direction
director's cut,Director's Cut
director's cut,director's cut
directorial debut,Directorial Debut
directorial debut,directorial debut
disappointing,Disappointing
disappointing,disappointing
disappointing ending,Disappointing ending
disappointing ending,disappointing ending
disaster,Disaster
disaster,disaster
discovery,Discovery
discovery,discovery
discrimination,Discrimination
discrimination,discrimination
disease,Disease
disease,disease
disgusting,Disgusting
disgusting,disgusting
disjointed,Disjointed
disjointed,disjointed
disney,Disney
disney,disney
disney animated feature,Disney animated feature
disney animated feature,disney animated feature
disturbing,Disturbing
disturbing,disturbing
diving,Diving
diving,diving
divorce,Divorce
divorce,divorce
divx,DIVX
divx,DivX
divx,Divx
divx,divx
do zassania,Do zassania
do zassania,do zassania
doctor,Doctor
doctor,doctor
doctor who,Doctor Who
doctor who,doctor who
documentary,Documentary
documentary,documentary
documentary style,Documentary Style
documentary style,documentary style
dog killing,Dog killing
dog killing,dog killing
dogs,Dogs
dogs,dogs
dollar saver,Dollar Saver
dollar saver,dollar saver
dolph lundgren,Dolph Lundgren
dolph lundgren,dolph lundgren
domhnall gleeson,Domhnall Gleeson
domhnall gleeson,domhnall gleeson
domination,Domination
domination,domination
dominic west,Dominic West
dominic west,dominic west
don coscarelli,Don Coscarelli
don coscarelli,don coscarelli
don knotts,Don Knotts
don knotts,don knotts
don't forget to see,Don't forget to see
don't forget to see,don't forget to see
dorothy,Dorothy
dorothy,dorothy
double life,DOUBLE LIFE
double life,double life
douglas adams,Douglas Adams
douglas adams,douglas adams
down's syndrome,Down's Syndrome
down's syndrome,Down's syndrome
dr. seuss,Dr. Seuss
dr. seuss,dr. seuss
dracula,Dracula
dracula,dracula
drag,Drag
drag,drag
dragon,Dragon
dragon,dragon
dragon ball,Dragon Ball
dragon ball,dragon ball
dragons,Dragons
dragons,dragons
drags on,Drags on
drags on,drags on
drama,Drama
drama,drama
dramatic,Dramatic
dramatic,dramatic
dream,Dream
dream,dream
dream sequence,Dream Sequence
dream sequence,dream sequence
dreamlike,Dreamlike
dreamlike,dreamlike
dreams,Dreams
dreams,dreams
dreamworks,Dreamworks
dreamworks,dreamworks
dreamworks animation,Dreamworks Animation
dreamworks animation,Dreamworks animation
dreamworks animation,dreamworks animation
dreamy,Dreamy
dreamy,dreamy
drew barrymore,Drew Barrymore
drew barrymore,drew barrymore
drinking,Drinking
drinking,drinking
drive in,Drive In
drive in,drive in
drones,Drones
drones,drones
drug abuse,Drug Abuse
drug abuse,drug abuse
drug addiction,DRUG ADDICTION
drug addiction,Drug Addiction
drug addiction,drug addiction
drug trade,DRUG TRADE
drug trade,drug trade
drug use,Drug use
drug use,drug use
drugs,Drugs
drugs,drugs
dublin,Dublin
dublin,dublin
dudley moore,Dudley Moore
dudley moore,dudley moore
dull,Dull
dull,dull
dumb,Dumb
dumb,dumb
dumbed down,Dumbed down
dumbed down,dumbed down
duncan jones,Duncan Jones
duncan jones,duncan jones
dustin hoffman,Dustin Hoffman
dustin hoffman,dustin hoffman
dvd,DVD
dvd,dvd
dvd-r,DVD-R
dvd-r,dvd-r
dwayne johnson,Dwayne Johnson
dwayne johnson,Dwayne johnson
dwayne johnson,dwayne johnson
dylan moran,Dylan Moran
dylan moran,dylan moran
dysfunctional family,Dysfunctional Family
dysfunctional family,dysfunctional family
dyslexia,Dyslexia
dyslexia,dyslexia
dystopia,Dystopia
dystopia,dystopia
earth,Earth
earth,earth
east germany,East Germany
east germany,east germany
eastern europe,Eastern Europe
eastern europe,eastern europe
eastwood,Eastwood
eastwood,eastwood
eccentric,Eccentric
eccentric,eccentric
ed harris,Ed Harris
ed harris,ed harris
edgar allan poe,Edgar Allan Poe
edgar allan poe,edgar allan poe
edgar wright,Edgar Wright
edgar wright,edgar wright
edinburgh,Edinburgh
edinburgh,edinburgh
editing,Editing
editing,editing
education,Education
education,education
educational,Educational
educational,educational
edward furlong,Edward Furlong
edward furlong,edward furlong
edward norton,Edward Norton
edward norton,edward norton
eerie,Eerie
eerie,eerie
effects,Effects
effects,effects
egypt,Egypt
egypt,egypt
eh,Eh
eh,eh
ei muista,Ei muista
ei muista,ei muista
elderly,Elderly
elderly,elderly
elijah wood,Elijah Wood
elijah wood,elijah wood
elisabeth moss,Elisabeth Moss
elisabeth moss,elisabeth moss
elisabeth shue,Elisabeth Shue
elisabeth shue,elisabeth shue
elizabeth shue,Elizabeth Shue
elizabeth shue,elizabeth shue
elle fanning,Elle Fanning
elle fanning,elle fanning
ellen degeneres,Ellen DeGeneres
ellen degeneres,Ellen Degeneres
ellen page,Ellen Page
ellen page,ellen page
elliott gould,Elliott Gould
elliott gould,elliott gould
elmo,Elmo
elmo,elmo
elvis,Elvis
elvis,elvis
emily blunt,Emily Blunt
emily blunt,emily blunt
emily watson,Emily Watson
emily watson,emily watson
eminem,Eminem
eminem,eminem
emir kusturica,Emir Kusturica
emir kusturica,emir kusturica
emma stone,Emma Stone
emma stone,emma stone
emma thompson,Emma Thompson
emma thompson,emma thompson
emma watson,Emma Watson
emma watson,emma watson
emmanuelle beart,Emmanuelle Beart
emmanuelle beart,emmanuelle beart
emotional,Emotional
emotional,emotional
emotional and heroic,Emotional and Heroic
emotional and heroic,emotional and heroic
emotionless,Emotionless
emotionless,emotionless
emperor,Emperor
emperor,emperor
end of the world,END OF THE WORLD
end of the world,End of the world
end of the world,end of the world
ending,Ending
ending,ending
engaging,Engaging
engaging,engaging
engineering,Engineering
engineering,engineering
england,England
england,england
english,English
english,english
enigmatic,Enigmatic
enigmatic,enigmatic
enjoyable,ENJOYABLE
enjoyable,enjoyable
enlightening,Enlightening
enlightening,enlightening
ennio morricone,Ennio Morricone
ennio morricone,ennio morricone
ensemble cast,Ensemble Cast
ensemble cast,Ensemble cast
ensemble cast,ensemble cast
enterprise,Enterprise
enterprise,enterprise
entertaining,Entertaining
entertaining,entertaining
environment,Environment
environment,environment
environmental,Environmental
environmental,environmental
epic,EPIC
epic,Epic
epic,epic
epic beard man,Epic Beard Man
epic beard man,epic beard man
episodenfilm,Episodenfilm
episodenfilm,episodenfilm
eric bana,Eric Bana
eric bana,eric bana
erland josephson,Erland Josephson
erland josephson,erland josephson
erlend's dvds,erlend's DVDs
erlend's dvds,erlend's dvds
ernst lubitsch,Ernst Lubitsch
ernst lubitsch,ernst lubitsch
erotic,Erotic
erotic,erotic
erotic thriller,Erotic Thriller
erotic thriller,erotic thriller
errol flynn,Errol Flynn
errol flynn,errol flynn
escape,Escape
escape,escape
escape from prison,ESCAPE FROM PRISON
escape from prison,escape from prison
esp,ESP
esp,esp
espionage,Espionage
espionage,espionage
ethan hawke,Ethan Hawke
ethan hawke,ethan hawke
eugene levy,Eugene Levy
eugene levy,eugene levy
europe,Europe
europe,europe
european,European
european,european
eva green,Eva Green
eva green,eva green
evan rachel wood,Evan Rachel Wood
evan rachel wood,evan rachel wood
everything,EVERYTHING
everything,Everything
everything,everything
everything else,Everything else
everything else,everything else
ewan mcgregor,Ewan McGregor
ewan mcgregor,ewan mcgregor
ewoks,Ewoks
ewoks,ewoks
ex-cop,Ex-cop
ex-cop,ex-cop
excellent,Excellent
excellent,excellent
excellent animation,Excellent Animation
excellent animation,excellent animation
excellent soundtrack,Excellent soundtrack
excellent soundtrack,excellent soundtrack
excellent story,Excellent story
excellent story,excellent story
exceptional acting,Exceptional Acting
exceptional acting,exceptional acting
excess,Excess
excess,excess
exciting,Exciting
exciting,exciting
existential crisis,Existential Crisis
existential crisis,existential crisis
exorcism,Exorcism
exorcism,exorcism
experiments gone awry,EXPERIMENTS GONE AWRY
experiments gone awry,experiments gone awry
explicit,Explicit
explicit,explicit
explosion,Explosion
explosion,explosion
explosions,Explosions
explosions,explosions
extended edition,Extended edition
extended edition,extended edition
extreme,Extreme
extreme,extreme
extreme violence,Extreme Violence
extreme violence,extreme violence
f bomb,F Bomb
f bomb,f bomb
fable,Fable
fable,fable
facebook,Facebook
facebook,facebook
fair,Fair
fair,fair
fairly bad,Fairly Bad
fairly bad,fairly bad
fairuza balk,Fairuza Balk
fairuza balk,fairuza balk
fairy tale,Fairy Tale
fairy tale,Fairy tale
fairy tale,fairy tale
fairy tales,Fairy Tales
fairy tales,fairy tales
fake,Fake
fake,fake
fake identity,Fake Identity
fake identity,fake identity
fallen angel,Fallen Angel
fallen angel,fallen angel
false advertising,False advertising
false advertising,false advertising
fameke jasson,Fameke Jasson
fameke jasson,fameke Jasson
family,Family
family,family
family comedy,Family Comedy
family comedy,family comedy
family drama,Family Drama
family drama,family drama
family friendly,Family Friendly
family friendly,family friendly
family gatherings,FAMILY GATHERINGS
family gatherings,family gatherings
family movie,Family Movie
family movie,family movie
famke janssen,Famke Janssen
famke janssen,famke janssen
fantastic,FANTASTIC
fantastic,Fantastic
fantastic,fantastic
fantastic animation,Fantastic animation
fantastic animation,fantastic animation
fantasy,Fantasy
fantasy,fantasy
fantasy lands,FANTASY LANDS
fantasy lands,fantasy lands
fantasy world,Fantasy World
fantasy world,Fantasy world
fantasy world,fantasy world
far fetched,Far Fetched
far fetched,far fetched
farming,Farming
farming,farming
fascism,Fascism
fascism,fascism
fast,Fast
fast,fast
fast food,Fast Food
fast food,fast food
fate,Fate
fate,fate
father son relationship,Father son relationship
father son relationship,father son relationship
father-daughter relationship,Father-Daughter Relationship
father-daughter relationship,father-daughter relationship
father-son relationship,Father-Son Relationship
father-son relationship,father-son relationship
fatih akin,Fatih Akin
fatih akin,fatih akin
favelas,Favelas
favelas,favelas
favorite,Favorite
favorite,favorite
favorite scenes,Favorite Scenes
favorite scenes,Favorite scenes
favorites,Favorites
favorites,favorites
fbi,FBI
fbi,fbi
fbi pursuit/case,FBI pursuit/case
fbi pursuit/case,fbi pursuit/case
fear,Fear
fear,fear
feel good,Feel Good
feel good,Feel good
feel good,feel good
feelgood,FeelGood
feelgood,feelgood
fellini,Fellini
fellini,fellini
female bonding,Female Bonding
female bonding,female bonding
female nudity,Female Nudity
female nudity,female nudity
feminism,Feminism
feminism,feminism
femme fatale,Femme Fatale
femme fatale,Femme fatale
femme fatale,femme fatale
fern gully,Fern Gully
fern gully,fern gully
fetish,Fetish
fetish,fetish
fiction,Fiction
fiction,fiction
fictional,Fictional
fictional,fictional
fifties,Fifties
fifties,fifties
fight choreography,Fight Choreography
fight choreography,fight choreography
fighting the system,FIGHTING THE SYSTEM
fighting the system,fighting the system
figure skating,Figure Skating
figure skating,figure skating
film noir,Film Noir
film noir,film noir
film-noir,Film-Noir
film-noir,film-noir
filmaffinity top pick,FilmAffinity Top Pick
filmaffinity top pick,FilmAffinity top pick
filmmaking,FILMMAKING
filmmaking,filmmaking
final credits,Final credits
final credits,final credits
finland,Finland
finland,finland
finnish,Finnish
finnish,finnish
firefighters,Firefighters
firefighters,firefighters
firefly,Firefly
firefly,firefly
first half of the movie,First half of the movie
first half of the movie,first half of the movie
first love,FIRST LOVE
first love,First love
first love,first love
fischhorror,Fischhorror
fischhorror,fischhorror
fish,Fish
fish,fish
fish out of water,FISH OUT OF WATER
fish out of water,fish out of water
flashbacks,Flashbacks
flashbacks,flashbacks
flawed,Flawed
flawed,flawed
florence,Florence
florence,florence
florida,Florida
florida,florida
food,Food
food,food
football,Football
football,football
for children,For children
for children,for children
for kids,For kids
for kids,for kids
forbidden love,FORBIDDEN LOVE
forbidden love,Forbidden Love
forbidden love,forbidden love
forced ending,Forced Ending
forced ending,forced ending
foreign,Foreign
foreign,foreign
foreign film,Foreign film
foreign film,foreign film
forgettable,Forgettable
forgettable,forgettable
forgiveness,Forgiveness
forgiveness,forgiveness
formula 1,Formula 1
formula 1,formula 1
formulaic,Formulaic
formulaic,formulaic
found footage,Found Footage
found footage,Found footage
found footage,found footage
fox,Fox
fox,fox
france,France
france,france
frances mcdormand,Frances McDormand
frances mcdormand,frances mcdormand
francis ford copolla,Francis Ford Copolla
francis ford copolla,francis ford copolla
francis ford coppola,Francis Ford Coppola
francis ford coppola,francis ford coppola
frank,Frank
frank,frank
frank darabont,Frank Darabont
frank darabont,frank darabont
frank miller,Frank Miller
frank miller,frank miller
frank sinatra,Frank Sinatra
frank sinatra,frank sinatra
franka potente,Franka Potente
franka potente,franka potente
frankenstein,Frankenstein
frankenstein,frankenstein
fraternity,Fraternity
fraternity,fraternity
fraud,Fraud
fraud,fraud
freaks,Freaks
freaks,freaks
fred astaire,Fred Astaire
fred astaire,fred astaire
freddy krueger,Freddy Krueger
freddy krueger,freddy krueger
free to download,Free to download
free to download,free to download
freedom,Freedom
freedom,freedom
freedom of information,Freedom of Information
freedom of information,freedom of information
freemason,Freemason
freemason,freemason
french,French
french,french
french film,French Film
french film,French film
french film,french film
french foreign legion,French Foreign Legion
french foreign legion,french foreign legion
french new wave,French New Wave
french new wave,French new wave
french new wave,french new wave
friendship,Friendship
friendship,friendship
friendship between boys,Friendship Between Boys
friendship between boys,friendship between boys
frightening,Frightening
frightening,frightening
fucked up,Fucked up
fucked up,fucked up
fun,Fun
fun,fun
fundamentalism,Fundamentalism
fundamentalism,fundamentalism
funniest movies,Funniest Movies
funniest movies,funniest movies
funny,Funny
funny,funny
funny as hell,Funny As Hell
funny as hell,Funny as Hell
funny as hell,Funny as hell
funny as hell,funny as hell
funny moments,Funny Moments
funny moments,funny moments
future,Future
future,future
futuristic,Futuristic
futuristic,futuristic
fx,FX
fx,fx
gabriele salvatores,Gabriele Salvatores
gabriele salvatores,gabriele salvatores
gael garcia bernal,Gael Garcia Bernal
gael garcia bernal,gael garcia bernal
gaia,Gaia
gaia,gaia
gamble,Gamble
gamble,gamble
gambling,Gambling
gambling,gambling
gang,Gang
gang,gang
gangs,Gangs
gangs,gangs
gangster,Gangster
gangster,gangster
garbage,Garbage
garbage,garbage
gary oldman,Gary Oldman
gary oldman,gary oldman
gaspar noé,Gaspar Noé
gaspar noé,gaspar noé
gaspard ulliel,Gaspard Ulliel
gaspard ulliel,gaspard ulliel
gay,Gay
gay,gay
gay character,Gay Character
gay character,gay character
gay couple,Gay Couple
gay couple,gay couple
gay fave,Gay Fave
gay fave,gay fave
gay interest,Gay Interest
gay interest,gay interest
gay lead character,Gay Lead Character
gay lead character,gay lead character
gay sex,Gay sex
gay sex,gay sex
gay stereotypes,Gay stereotypes
gay stereotypes,gay stereotypes
gay subtext,Gay Subtext
gay subtext,gay subtext
gays,Gays
gays,gays
geeks,Geeks
geeks,geeks
geeky,Geeky
geeky,geeky
geena davis,Geena Davis
geena davis,geena davis
geese,Geese
geese,geese
gender disguise,Gender disguise
gender disguise,gender disguise
gender issues,Gender Issues
gender issues,gender issues
gene hackman,Gene Hackman
gene hackman,gene hackman
gene wilder,Gene Wilder
gene wilder,gene wilder
generation gap,GENERATION GAP
generation gap,generation gap
generation x,Generation X
generation x,generation X
genius,Genius
genius,genius
genocide,Genocide
genocide,genocide
geoffrey rush,Geoffrey Rush
geoffrey rush,geoffrey rush
george carlin,George Carlin
george carlin,george carlin
george clooney,George Clooney
george clooney,George clooney
george clooney,george clooney
george harrison,George Harrison
george harrison,george harrison
george lucas,George Lucas
george lucas,george lucas
georgia,Georgia
georgia,georgia
gerard butler,Gerard Butler
gerard butler,gerard butler
german,German
german,german
german expressionism,German Expressionism
german expressionism,German expressionism
german expressionism,german expressionism
germans,Germans
germans,germans
germany,Germany
germany,germany
ghana,Ghana
ghana,ghana
ghibli,Ghibli
ghibli,ghibli
ghost,Ghost
ghost,ghost
ghosts,Ghosts
ghosts,ghosts
giallo,Giallo
giallo,giallo
giant animal,Giant animal
giant animal,giant animal
giants,Giants
giants,giants
gina mckee,Gina McKee
gina mckee,Gina Mckee
giorgos lanthimos,Giorgos Lanthimos
giorgos lanthimos,giorgos lanthimos
girl power,Girl Power
girl power,girl power
girly,Girly
girly,girly
gladiator,Gladiator
gladiator,gladiator
glasgow,Glasgow
glasgow,glasgow
glbt,GLBT
glbt,glbt
glenn close,Glenn Close
glenn close,glenn close
gloria swanson,Gloria Swanson
gloria swanson,gloria swanson
goblin,Goblin
goblin,goblin
god,God
god,god
going straight,GOING STRAIGHT
going straight,going straight
golden globe winner,Golden Globe winner
golden globe winner,golden globe winner
golden harvest,Golden Harvest
golden harvest,golden harvest
golden palm,Golden Palm
golden palm,Golden palm
golf,Golf
golf,golf
gong li,Gong Li
gong li,gong li
good,Good
good,good
good acting,Good acting
good acting,good acting
good action,Good action
good action,good action
good actors,Good actors
good actors,good actors
good adaptation,Good adaptation
good adaptation,good adaptation
good animation,Good Animation
good animation,good animation
good cast,Good cast
good cast,good cast
good characters,Good Characters
good characters,good characters
good children movie,Good children movie
good children movie,good children movie
good comedy,Good Comedy
good comedy,good comedy
good dialogue,Good dialogue
good dialogue,good dialogue
good ending,Good Ending
good ending,Good ending
good ending,good ending
good fx,good FX
good fx,good fx
good guys win,Good guys win
good guys win,good guys win
good movie,Good Movie
good movie,Good movie
good movie,good movie
good music,Good Music
good music,Good music
good music,good music
good performances,Good performances
good performances,good performances
good remake,Good remake
good remake,good remake
good romantic comedies,Good Romantic Comedies
good romantic comedies,good romantic comedies
good soundtrack,Good soundtrack
good soundtrack,good soundtrack
good story,Good story
good story,good story
good thriller,Good Thriller
good thriller,good thriller
good versus evil,Good Versus Evil
good versus evil,Good versus evil
good versus evil,good versus evil
goofy,Goofy
goofy,goofy
gore,Gore
gore,gore
gore vidal,Gore Vidal
gore vidal,gore vidal
gory,Gory
gory,gory
gossip,Gossip
gossip,gossip
goth,Goth
goth,goth
gothic,GOTHIC
gothic,Gothic
gothic,gothic
gothic horror,Gothic Horror
gothic horror,gothic horror
government,Government
government,government
grace,Grace
grace,grace
graffiti,Graffiti
graffiti,graffiti
graphic novel,Graphic Novel
graphic novel,graphic novel
graphic violence,Graphic Violence
graphic violence,Graphic violence
graphic violence,graphic violence
gratuitous,Gratuitous
gratuitous,gratuitous
gratuitous sex,Gratuitous sex
gratuitous sex,gratuitous sex
gratuitous violence,Gratuitous Violence
gratuitous violence,gratuitous violence
great,Great
great,great
great acting,Great Acting
great acting,Great acting
great acting,great acting
great action,Great action
great action,great action
great actors,Great actors
great actors,great actors
great cast,Great Cast
great cast,Great cast
great cast,great cast
great depression,Great Depression
great depression,great depression
great dialogue,Great dialogue
great dialogue,great dialogue
great dialogues,Great dialogues
great dialogues,great dialogues
great direction,Great direction
great direction,great direction
great drama,Great drama
great drama,great drama
great effects,Great Effects
great effects,great effects
great ending,GREAT ENDING
great ending,Great Ending
great ending,Great ending
great ending,great ending
great film,Great Film
great film,Great film
great film,great film
great idea,Great idea
great idea,great idea
great movie,GREAT MOVIE
great movie,GREAT movie
great movie,Great Movie
great movie,Great movie
great movie,great movie
great music,Great music
great music,great music
great performances,Great performances
great performances,great performances
great plot,Great plot
great plot,great plot
great score,Great score
great score,great score
great screenplays,Great Screenplays
great screenplays,Great screenplays
great soundtrack,Great Soundtrack
great soundtrack,great soundtrack
great special effects,Great special effects
great special effects,great special effects
great story,Great Story
great story,great story
great visuals,Great Visuals
great visuals,great visuals
greek,Greek
greek,greek
greek mythology,Greek mythology
greek mythology,greek mythology
gregory peck,Gregory Peck
gregory peck,gregory peck
greta garbo,Greta Garbo
greta garbo,greta garbo
greta gerwig,Greta Gerwig
greta gerwig,greta gerwig
grimy,Grimy
grimy,grimy
grindhouse,Grindhouse
grindhouse,grindhouse
gripping,Gripping
gripping,gripping
gritty,Gritty
gritty,gritty
groot,Groot
groot,groot
gross,Gross
gross,gross
gross-out,Gross-out
gross-out,gross-out
grotesque,Grotesque
grotesque,grotesque
groundbreaking,Groundbreaking
groundbreaking,groundbreaking
groupies,Groupies
groupies,groupies
growing up,Growing Up
growing up,growing up
growth,Growth
growth,growth
guillermo del toro,Guillermo Del Toro
guillermo del toro,Guillermo del Toro
guilt,Guilt
guilt,guilt
guilty pleasure,Guilty Pleasure
guilty pleasure,Guilty pleasure
guilty pleasure,guilty pleasure
gulf war,Gulf War
gulf war,gulf war
gun,Gun
gun,gun
gun control,Gun Control
gun control,gun control
guns,Guns
guns,guns
guy pearce,Guy Pearce
guy pearce,guy pearce
guy ritchie,Guy Ritchie
guy ritchie,guy ritchie
gwyneth paltrow,Gwyneth Paltrow
gwyneth paltrow,gwyneth paltrow
gymnastics,Gymnastics
gymnastics,gymnastics
gypsy,Gypsy
gypsy,gypsy
hacker,Hacker
hacker,hacker
hackers,Hackers
hackers,hackers
hacking,Hacking
hacking,hacking
haiti,Haiti
haiti,haiti
hal,Hal
hal,hal
haley joel osment,Haley Joel Osment
haley joel osment,haley joel osment
halle berry,Halle Berry
halle berry,halle berry
hallmark channel production,Hallmark Channel Production
hallmark channel production,hallmark channel production
halloween,Halloween
halloween,halloween
hallucinatory,Hallucinatory
hallucinatory,hallucinatory
hamlet,Hamlet
hamlet,hamlet
han solo,Han Solo
han solo,han solo
hanafuda,Hanafuda
hanafuda,hanafuda
hand-held camera,Hand-held camera
hand-held camera,hand-held camera
handcuffs,Handcuffs
handcuffs,handcuffs
handycam,Handycam
handycam,handycam
hangover,Hangover
hangover,hangover
hannibal lecter,Hannibal Lecter
hannibal lecter,hannibal lecter
hans zimmer,Hans Zimmer
hans zimmer,hans zimmer
happy ending,Happy ending
happy ending,happy ending
hard rock,Hard rock
hard rock,hard rock
harlem,Harlem
harlem,harlem
harmony korine,Harmony Korine
harmony korine,harmony korine
harrison ford,Harrison Ford
harrison ford,harrison ford
harry potter,Harry Potter
harry potter,harry potter
harry shearer,Harry Shearer
harry shearer,harry shearer
harvard,Harvard
harvard,harvard
haunted house,HAUNTED HOUSE
haunted house,haunted house
haunting,Haunting
haunting,haunting
haunting endings,Haunting Endings
haunting endings,Haunting endings
hawaii,Hawaii
hawaii,hawaii
hayao miyazaki,Hayao Miyazaki
hayao miyazaki,hayao miyazaki
hayden christensen,Hayden Christensen
hayden christensen,hayden christensen
hd,HD
hd,hd
heart of darkness,Heart of Darkness
heart of darkness,heart of darkness
heart ripped out,Heart ripped out
heart ripped out,heart ripped out
heartfelt,Heartfelt
heartfelt,heartfelt
heartwarming,Heartwarming
heartwarming,heartwarming
heath ledger,Heath Ledger
heath ledger,Heath ledger
heath ledger,heath ledger
heavy-handed,Heavy-handed
heavy-handed,heavy-handed
hebrew,Hebrew
hebrew,hebrew
heist,Heist
heist,heist
heist film,Heist film
heist film,heist film
helen hunt,Helen Hunt
helen hunt,helen hunt
helena bonham carter,Helena Bonham Carter
helena bonham carter,helena bonham carter
hell,Hell
hell,hell
helsinki,Helsinki
helsinki,helsinki
henry fonda,Henry Fonda
henry fonda,henry fonda
henry rollins,Henry Rollins
henry rollins,henry rollins
hero,Hero
hero,hero
heroine,Heroine
heroine,heroine
heroism,Heroism
heroism,heroism
high school,High School
high school,High school
high school,high school
high school life,HIGH SCHOOL LIFE
high school life,High school life
high school life,high school life
highlander,Highlander
highlander,highlander
highly quotable,Highly Quotable
highly quotable,Highly quotable
highly quotable,highly quotable
highschool,Highschool
highschool,highschool
hilarious,Hilarious
hilarious,hilarious
hilarious!,Hilarious!
hilarious!,hilarious!
hilariously bad,Hilariously Bad
hilariously bad,hilariously bad
hilary swank,Hilary Swank
hilary swank,hilary swank
hippies,Hippies
hippies,hippies
hipsters,Hipsters
hipsters,hipsters
historical,Historical
historical,historical
historical fiction,Historical Fiction
historical fiction,historical fiction
historical inaccuracy,Historical inaccuracy
historical inaccuracy,historical inaccuracy
historically inaccurate,Historically inaccurate
historically inaccurate,historically inaccurate
history,History
history,history
hit and run,Hit And Run
hit and run,hit and run
hit girl,Hit Girl
hit girl,hit girl
hitchcock,Hitchcock
hitchcock,hitchcock
hitchcockian,Hitchcockian
hitchcockian,hitchcockian
hitler,Hitler
hitler,hitler
hitman,Hitman
hitman,hitman
hiv,HIV
hiv,hiv
hmong,Hmong
hmong,hmong
hobbits,Hobbits
hobbits,hobbits
hockey,Hockey
hockey,hockey
hokey,Hokey
hokey,hokey
holes in the plot,Holes in the Plot
holes in the plot,holes in the plot
holiday,Holiday
holiday,holiday
hollow,Hollow
hollow,hollow
hollywood,Hollywood
hollywood,hollywood
hollywood ending,Hollywood ending
hollywood ending,hollywood ending
holocaust,Holocaust
holocaust,holocaust
holy grail,Holy Grail
holy grail,holy grail
homage,Homage
homage,homage
homeless,Homeless
homeless,homeless
homelessness,Homelessness
homelessness,homelessness
homosexual,Homosexual
homosexual,homosexual
homosexuality,Homosexuality
homosexuality,homosexuality
honest,Honest
honest,honest
hong kong,Hong Kong
hong kong,hong kong
hongkong,HongKong
hongkong,Hongkong
honor,Honor
honor,honor
hope,Hope
hope,hope
horrible,Horrible
horrible,horrible
horrible acting,HORRIBLE ACTING
horrible acting,Horrible acting
horrible acting,horrible acting
horro,Horro
horro,horro
horror,Horror
horror,horror
horrors,Horrors
horrors,horrors
horses,Horses
horses,horses
hospital,Hospital
hospital,hospital
hostage situation,Hostage Situation
hostage situation,hostage situation
hostages,Hostages
hostages,hostages
hot women,Hot women
hot women,hot women
hotel,Hotel
hotel,hotel
housekeeper,Housekeeper
housekeeper,housekeeper
hubris,Hubris
hubris,hubris
hugh dancy,Hugh Dancy
hugh dancy,hugh dancy
hugh grant,Hugh Grant
hugh grant,hugh grant
hugh jackman,Hugh Jackman
hugh jackman,hugh  jackman
hugh jackman,hugh jackman
hugh laurie,Hugh Laurie
hugh laurie,hugh laurie
hugo weaving,Hugo Weaving
hugo weaving,hugo weaving
hulk,Hulk
hulk,hulk
hulu,Hulu
hulu,hulu
human,Human
human,human
human trafficking,Human Trafficking
human trafficking,human trafficking
humor,Humor
humor,humor
humorous,Humorous
humorous,humorous
humour,Humour
humour,humour
humphrey bogart,Humphrey Bogart
humphrey bogart,humphrey bogart
hungarian,Hungarian
hungarian,hungarian
hungary,Hungary
hungary,hungary
hunted,Hunted
hunted,hunted
hunter s. thompson,Hunter S. Thompson
hunter s. thompson,hunter s. thompson
hypocrisy,Hypocrisy
hypocrisy,hypocrisy
hysterical,Hysterical
hysterical,hysterical
i am legend,I Am Legend
i am legend,I am Legend
i don't get it,I Don't Get It
i don't get it,i don't get it
i love this movie,I love this movie
i love this movie,i love this movie
ian holm,Ian Holm
ian holm,ian holm
ian mckellen,Ian McKellen
ian mckellen,Ian Mckellen
ice,Ice
ice,ice
ice age,Ice Age
ice age,ice age
ice cube,Ice Cube
ice cube,ice cube
ice hockey,Ice Hockey
ice hockey,ice hockey
ice-t,Ice-T
ice-t,ice-t
iconic,Iconic
iconic,iconic
idaho,Idaho
idaho,idaho
identity,Identity
identity,identity
idiotic,Idiotic
idiotic,idiotic
iko uwais,Iko Uwais
iko uwais,iko uwais
illegal immigration,Illegal Immigration
illegal immigration,illegal immigration
illinois,Illinois
illinois,illinois
illiteracy,Illiteracy
illiteracy,illiteracy
illusionism,Illusionism
illusionism,illusionism
imagination,Imagination
imagination,imagination
imaginative,Imaginative
imaginative,imaginative
imax,IMAX
imax,Imax
imax,imax
imdb bottom 100,IMDB bottom 100
imdb bottom 100,imdb bottom 100
imdb top 250,IMDB Top 250
imdb top 250,imdb top 250
immature,Immature
immature,immature
immigrant,Immigrant
immigrant,immigrant
immigrants,Immigrants
immigrants,immigrants
immigration,Immigration
immigration,immigration
immoral,Immoral
immoral,immoral
imperialism,Imperialism
imperialism,imperialism
impersonation,Impersonation
impersonation,impersonation
implausible,Implausible
implausible,implausible
imprisonment,Imprisonment
imprisonment,imprisonment
in cold blood,In Cold Blood
in cold blood,in cold blood
in netflix queue,In Netflix Queue
in netflix queue,In Netflix queue
in netflix queue,in Netflix queue
in netflix queue,in netflix queue
inaccurate,Inaccurate
inaccurate,inaccurate
inarritu,Inarritu
inarritu,inarritu
incest,Incest
incest,incest
inconsistencies,Inconsistencies
inconsistencies,inconsistencies
incredible,Incredible
incredible,incredible
independence,Independence
independence,independence
independent film,Independent Film
independent film,independent film
india,India
india,india
indian,Indian
indian,indian
indiana,Indiana
indiana,indiana
indiana jones,Indiana Jones
indiana jones,indiana jones
indians,Indians
indians,indians
indie,Indie
indie,indie
individualism,Individualism
individualism,individualism
infantil,Infantil
infantil,infantil
infidelity,Infidelity
infidelity,infidelity
influential,Influential
influential,influential
informative,Informative
informative,informative
ingmar bergman,Ingmar Bergman
ingmar bergman,ingmar bergman
injustice,Injustice
injustice,injustice
innocence lost,INNOCENCE LOST
innocence lost,innocence lost
innovative,Innovative
innovative,innovative
insane,Insane
insane,insane
insanity,Insanity
insanity,insanity
insider trading,insider Trading
insider trading,insider trading
insightful,Insightful
insightful,insightful
inspiration,Inspiration
inspiration,inspiration
inspirational,Inspirational
inspirational,inspirational
inspiring,Inspiring
inspiring,inspiring
insurance,Insurance
insurance,insurance
intellectual,Intellectual
intellectual,intellectual
intelligent,Intelligent
intelligent,intelligent
intense,Intense
intense,intense
interesting,Interesting
interesting,interesting
interesting animation style,Interesting animation style
interesting animation style,interesting animation style
interesting concept,Interesting Concept
interesting concept,interesting concept
international,International
international,international
internet,Internet
internet,internet
interracial romance,Interracial Romance
interracial romance,interracial romance
intersecting lives,INTERSECTING LIVES
intersecting lives,intersecting lives
intrigue,Intrigue
intrigue,intrigue
intriguing,Intriguing
intriguing,intriguing
introspection,Introspection
introspection,introspection
inventive,Inventive
inventive,inventive
investigation,Investigation
investigation,investigation
involving,Involving
involving,involving
iowa,Iowa
iowa,iowa
ip man,Ip Man
ip man,ip man
iran,Iran
iran,iran
iranian,Iranian
iranian,iranian
iraq,Iraq
iraq,iraq
iraq war,Iraq War
iraq war,Iraq war
ireland,Ireland
ireland,ireland
irish,Irish
irish,irish
irish accent,Irish accent
irish accent,irish accent
irish americans,Irish Americans
irish americans,irish americans
ironic,Ironic
ironic,ironic
irony,Irony
irony,irony
irvin kershner,Irvin Kershner
irvin kershner,irvin kershner
isaac asimov,Isaac Asimov
isaac asimov,isaac asimov
isabel coixet,Isabel Coixet
isabel coixet,isabel coixet
isabelle huppert,Isabelle Huppert
isabelle huppert,isabelle huppert
isla fisher,Isla FIsher
isla fisher,Isla Fisher
islam,Islam
islam,islam
island,Island
island,island
isolation,Isolation
isolation,isolation
israel,Israel
israel,israel
israeli,Israeli
israeli,israeli
italian,Italian
italian,italian
italian horror,Italian horror
italian horror,italian horror
italy,Italy
italy,italy
j blakeson,J Blakeson
j blakeson,j blakeson
j.j. abrams,J.J. Abrams
j.j. abrams,j.j. abrams
j.k. simmons,J.K. Simmons
j.k. simmons,j.k. simmons
jack arnold,Jack Arnold
jack arnold,jack arnold
jack black,Jack Black
jack black,jack black
jack kerouac,Jack Kerouac
jack kerouac,jack kerouac
jack nicholson,Jack Nicholson
jack nicholson,jack nicholson
jack ryan,Jack Ryan
jack ryan,jack ryan
jackie chan,Jackie Chan
jackie chan,jackie chan
jackie chan comedy,Jackie Chan Comedy
jackie chan comedy,jackie chan comedy
jacksonville,Jacksonville
jacksonville,jacksonville
jacques tati,Jacques Tati
jacques tati,jacques tati
jail,Jail
jail,jail
jake gyllenhaal,Jake Gyllenhaal
jake gyllenhaal,jake gyllenhaal
jamaica,Jamaica
jamaica,jamaica
james bond,James Bond
james bond,james bond
james cameron,James Cameron
james cameron,james cameron
james cromwell,James Cromwell
james cromwell,james cromwell
james franco,James Franco
james franco,james franco
james horner,James Horner
james horner,james horner
james marsden,James Marsden
james marsden,james marsden
james mcavoy,James McAvoy
james mcavoy,james Mcavoy
james mcavoy,james mcavoy
james spader,James Spader
james spader,james spader
james stewart,James Stewart
james stewart,james stewart
james whale,James Whale
james whale,james whale
jamie bell,Jamie Bell
jamie bell,jamie bell
jamie lee curtis,Jamie Lee Curtis
jamie lee curtis,jamie lee curtis
jane austen,Jane Austen
jane austen,jane austen
jane fonda,Jane Fonda
jane fonda,jane fonda
jane lynch,Jane Lynch
jane lynch,jane lynch
japan,Japan
japan,japan
japanese,Japanese
japanese,japanese
japanese culture,Japanese culture
japanese culture,japanese culture
japanese horror,Japanese horror
japanese horror,japanese horror
jar jar binks,Jar Jar Binks
jar jar binks,jar jar binks
jared leto,Jared Leto
jared leto,Jared leto
jared leto,jared leto
jason alexander,Jason Alexander
jason alexander,jason alexander
jason bateman,Jason Bateman
jason bateman,jason bateman
jason lee,Jason Lee
jason lee,jason lee
jason schwartzman,Jason Schwartzman
jason schwartzman,jason schwartzman
jason segel,Jason Segel
jason segel,Jason segel
jason statham,Jason Statham
jason statham,jason statham
jason sudeikis,Jason Sudeikis
jason sudeikis,jason sudeikis
jay and silent bob,Jay and Silent Bob
jay and silent bob,jay and silent bob
jazz,Jazz
jazz,jazz
jazz music,Jazz Music
jazz music,jazz music
jean reno,Jean Reno
jean reno,jean reno
jean-claude van damme,Jean-Claude Van Damme
jean-claude van damme,jean-claude van damme
jeff anderson,Jeff Anderson
jeff anderson,jeff anderson
jeff bridges,Jeff Bridges
jeff bridges,jeff bridges
jeff goldblum,Jeff Goldblum
jeff goldblum,jeff goldblum
jena malone,Jena Malone
jena malone,jena malone
jennifer aniston,Jennifer Aniston
jennifer aniston,jennifer aniston
jennifer anniston,Jennifer Anniston
jennifer anniston,jennifer anniston
jennifer beals,Jennifer Beals
jennifer beals,jennifer beals
jennifer connelly,Jennifer Connelly
jennifer connelly,jennifer Connelly
jennifer connelly,jennifer connelly
jennifer hudson,Jennifer Hudson
jennifer hudson,jennifer hudson
jennifer jason leigh,Jennifer Jason Leigh
jennifer jason leigh,jennifer jason leigh
jennifer lopez,Jennifer Lopez
jennifer lopez,jennifer lopez
jennifer tilly,Jennifer Tilly
jennifer tilly,jennifer tilly
jensen ackles,Jensen Ackles
jensen ackles,jensen ackles
jeremy renner,Jeremy Renner
jeremy renner,jeremy renner
jerry bruckheimer,Jerry Bruckheimer
jerry bruckheimer,jerry bruckheimer
jerusalem,Jerusalem
jerusalem,jerusalem
jessica biel,Jessica Biel
jessica biel,jessica biel
jessica chastain,Jessica Chastain
jessica chastain,jessica chastain
jessica tandy,Jessica Tandy
jessica tandy,jessica tandy
jesus,Jesus
jesus,jesus
jet li,Jet Li
jet li,jet li
jeunet,Jeunet
jeunet,jeunet
jewish,Jewish
jewish,jewish
jews,Jews
jews,jews
jim carey,Jim Carey
jim carey,jim carey
jim carrey,Jim Carrey
jim carrey,Jim carrey
jim carrey,jim carrey
jim henson,Jim Henson
jim henson,jim henson
jim jarmusch,Jim Jarmusch
jim jarmusch,jim jarmusch
jim morrison,Jim Morrison
jim morrison,jim morrison
jimmy stewart,Jimmy Stewart
jimmy stewart,jimmy stewart
jingoism,Jingoism
jingoism,jingoism
joaquin phoenix,Joaquin Phoenix
joaquin phoenix,Joaquin phoenix
joaquin phoenix,joaquin phoenix
jodie foster,Jodie Foster
jodie foster,Jodie foster
jodie foster,jodie foster
joe dante,Joe Dante
joe dante,joe dante
joe pesci,Joe Pesci
joe pesci,joe pesci
john,John
john,john
john belushi,John Belushi
john belushi,john belushi
john boorman,John Boorman
john boorman,john boorman
john c. reilly,John C. Reilly
john c. reilly,john c. reilly
john candy,John Candy
john candy,john candy
john cena,John cena
john cena,john cena
john cleese,John Cleese
john cleese,john cleese
john cusack,John Cusack
john cusack,john cusack
john di maggio,John Di Maggio
john di maggio,john di maggio
john glen,John Glen
john glen,john glen
john goodman,John Goodman
john goodman,john goodman
john hughes,John Hughes
john hughes,john hughes
john hurt,John Hurt
john hurt,john hurt
john lennon,John Lennon
john lennon,john lennon
john lithgow,John Lithgow
john lithgow,john lithgow
john malkovich,John Malkovich
john malkovich,john malkovich
john patrick shanley,John Patrick Shanley
john patrick shanley,john patrick shanley
john sayles,John Sayles
john sayles,john sayles
john travolta,John Travolta
john travolta,john travolta
john turturro,John Turturro
john turturro,john turturro
john waters,John Waters
john waters,john waters
john woo,John Woo
john woo,john woo
johnny cash,Johnny Cash
johnny cash,johnny cash
johnny depp,Johnny Depp
johnny depp,johnny depp
johnny knoxville,Johnny Knoxville
johnny knoxville,johnny knoxville
joker,Joker
joker,joker
jokes,Jokes
jokes,jokes
jon stewart,Jon Stewart
jon stewart,jon stewart
jon wright,Jon Wright
jon wright,jon wright
jonah hill,Jonah Hill
jonah hill,jonah hill
jonathan ive,Jonathan Ive
jonathan ive,jonathan ive
jonathan rhys meyers,Jonathan Rhys Meyers
jonathan rhys meyers,jonathan rhys meyers
joon-ho bong,Joon-ho Bong
joon-ho bong,joon-ho bong
joseph cotton,Joseph Cotton
joseph cotton,joseph cotton
joseph cross,Joseph Cross
joseph cross,joseph cross
joseph fiennes,Joseph Fiennes
joseph fiennes,joseph fiennes
joseph gordon-levitt,Joseph Gordon-Levitt
joseph gordon-levitt,joseph gordon-levitt
joseph mccarthy,Joseph McCarthy
joseph mccarthy,joseph mccarthy
josh brolin,Josh Brolin
josh brolin,josh brolin
joss whedon,Joss Whedon
joss whedon,joss whedon
journalism,Journalism
journalism,journalism
journalist,Journalist
journalist,journalist
journalists,Journalists
journalists,journalists
journey,Journey
journey,journey
joy division,Joy Division
joy division,joy division
judaism,Judaism
judaism,judaism
judd nelson,Judd Nelson
judd nelson,judd nelson
jude law,Jude Law
jude law,jude law
judi dench,Judi Dench
judi dench,judi dench
judy greer,Judy Greer
judy greer,judy greer
julia roberts,Julia Roberts
julia roberts,julia roberts
julianne moore,Julianne Moore
julianne moore,julianne moore
julie andrews,Julie Andrews
julie andrews,julie andrews
julie christie,Julie Christie
julie christie,julie christie
juliette binoche,Juliette Binoche
juliette binoche,juliette binoche
jungle,Jungle
jungle,jungle
juno temple,Juno Temple
juno temple,juno temple
justice,Justice
justice,justice
justin long,Justin Long
justin long,justin long
justin theroux,Justin Theroux
justin theroux,justin theroux
justin timberlake,Justin Timberlake
justin timberlake,justin timberlake
kaiju,Kaiju
kaiju,kaiju
kal penn,Kal Penn
kal penn,kal penn
kansas,Kansas
kansas,kansas
karate,Karate
karate,karate
kareena kapoor,Kareena Kapoor
kareena kapoor,kareena kapoor
kate beckinsale,Kate Beckinsale
kate beckinsale,kate beckinsale
kate hudson,Kate Hudson
kate hudson,kate hudson
kate winslet,Kate Winslet
kate winslet,kate winslet
katharine hepburn,KATHARINE Hepburn
katharine hepburn,Katharine Hepburn
katharine hepburn,katharine hepburn
kathryn bigelow,Kathryn Bigelow
kathryn bigelow,kathryn bigelow
kathy bates,Kathy Bates
kathy bates,kathy bates
katsuhiro otomo,Katsuhiro Otomo
katsuhiro otomo,katsuhiro otomo
keanu reeves,Keanu Reeves
keanu reeves,keanu reeves
keira knightley,Keira Knightley
keira knightley,keira knightley
kelly macdonald,Kelly MacDonald
kelly macdonald,Kelly Macdonald
ken burns,Ken Burns
ken burns,ken burns
ken loach,Ken Loach
ken loach,ken loach
ken russell,Ken Russell
ken russell,ken Russell
kenneth branagh,Kenneth Branagh
kenneth branagh,kenneth branagh
kentucky,Kentucky
kentucky,kentucky
kenya,Kenya
kenya,kenya
kevin bacon,Kevin Bacon
kevin bacon,kevin bacon
kevin costner,Kevin Costner
kevin costner,kevin costner
kevin james,Kevin James
kevin james,kevin james
kevin kline,Kevin Kline
kevin kline,kevin kline
kevin smith,Kevin Smith
kevin smith,kevin smith
kevin spacey,Kevin Spacey
kevin spacey,kevin Spacey
kevin spacey,kevin spacey
ki-duk kim,Ki-duk Kim
ki-duk kim,ki-duk kim
kick ass,Kick Ass
kick ass,kick ass
kidnapping,KIDNAPPING
kidnapping,Kidnapping
kidnapping,kidnapping
kids,Kids
kids,kids
killer child,Killer child
killer child,killer child
killing,Killing
killing,killing
kim jong il,Kim Jong Il
kim jong il,kim jong il
kim ki-duk,Kim Ki-Duk
kim ki-duk,Kim Ki-duk
king arthur,King Arthur
king arthur,king arthur
king hu,King Hu
king hu,king hu
king kong,King Kong
king kong,king kong
kirk douglas,Kirk Douglas
kirk douglas,kirk douglas
kirsten dunst,Kirsten Dunst
kirsten dunst,kirsten dunst
kiss,KISS
kiss,Kiss
kiss,kiss
kitsch,Kitsch
kitsch,kitsch
korea,Korea
korea,korea
korean,Korean
korean,korean
korean horror,Korean Horror
korean horror,Korean horror
korean war,Korean War
korean war,Korean war
kristen bell,Kristen Bell
kristen bell,kristen bell
kristen stewart,Kristen Stewart
kristen stewart,kristen stewart
ku klux klan,Ku Klux Klan
ku klux klan,ku klux klan
kubrick,Kubrick
kubrick,kubrick
kung fu,Kung Fu
kung fu,kung fu
kurosawa,Kurosawa
kurosawa,kurosawa
kurt cobain,Kurt Cobain
kurt cobain,kurt cobain
kurt wimmer,Kurt Wimmer
kurt wimmer,kurt wimmer
kusturica,Kusturica
kusturica,kusturica
kyle gallner,Kyle Gallner
kyle gallner,kyle gallner
labor unions,LABOR UNIONS
labor unions,labor unions
lack of plot,Lack of Plot
lack of plot,lack of plot
lake tahoe,Lake Tahoe
lake tahoe,lake tahoe
lame,Lame
lame,lame
lame ending,Lame Ending
lame ending,Lame ending
lame ending,lame ending
lance henriksen,Lance Henriksen
lance henriksen,lance henriksen
landscapes,Landscapes
landscapes,landscapes
language,Language
language,language
larry david,Larry David
larry david,larry david
lars von trier,Lars Von Trier
lars von trier,Lars von Trier
lars von trier,lars von trier
las vegas,Las Vegas
las vegas,las vegas
late-career surprise,Late-career surprise
late-career surprise,late-career surprise
latvian,Latvian
latvian,latvian
laura dern,Laura Dern
laura dern,laura dern
laura linney,Laura Linney
laura linney,laura linney
lauren bacall,Lauren Bacall
lauren bacall,lauren bacall
law,Law
law,law
lawyer,Lawyer
lawyer,lawyer
leadership,Leadership
leadership,leadership
legal,Legal
legal,legal
legend,Legend
legend,legend
legends,Legends
legends,legends
lena headey,Lena Headey
lena headey,lena headey
lenght,Lenght
lenght,lenght
length,Length
length,length
lens flares,Lens flares
lens flares,lens flares
leonardo dicaprio,Leonardo DiCaprio
leonardo dicaprio,leonardo dicaprio
lesbian,Lesbian
lesbian,lesbian
leslie cheung,Leslie Cheung
leslie cheung,leslie cheung
leslie nielsen,Leslie Nielsen
leslie nielsen,leslie nielsen
less than 300 ratings,Less than 300 Ratings
less than 300 ratings,less than 300 ratings
let down,Let down
let down,let down
lewis carroll,Lewis Carroll
lewis carroll,lewis carroll
lgbt,LGBT
lgbt,lgbt
liam neeson,LIam Neeson
liam neeson,Liam Neeson
liam neeson,liam neeson
libya,Libya
libya,libya
lies,Lies
lies,lies
life,Life
life,life
life under occupation,LIFE UNDER OCCUPATION
life under occupation,Life under Occupation
lighting,Lighting
lighting,lighting
likeable cast,Likeable cast
likeable cast,likeable cast
likeable main character,Likeable main character
likeable main character,likeable main character
lili taylor,Lili Taylor
lili taylor,lili taylor
lily cole,Lily Cole
lily cole,lily cole
lily tomlin,Lily Tomlin
lily tomlin,lily tomlin
lindsay lohan,Lindsay Lohan
lindsay lohan,lindsay lohan
lisa kudrow,Lisa Kudrow
lisa kudrow,lisa kudrow
literary,Literary
literary,literary
literary adaptation,Literary Adaptation
literary adaptation,literary adaptation
literature,Literature
literature,literature
little dialogue,Little dialogue
little dialogue,little dialogue
liv tyler,Liv Tyler
liv tyler,liv tyler
liv ullmann,Liv Ullmann
liv ullmann,liv ullmann
lizzy caplan,Lizzy Caplan
lizzy caplan,lizzy caplan
llama,Llama
llama,llama
lobbyism,Lobbyism
lobbyism,lobbyism
logic,Logic
logic,logic
lol,LOL
lol,lol
lolita,Lolita
lolita,lolita
london,London
london,london
london, London
loneliness,Loneliness
loneliness,loneliness
long,Long
long,long
lord of the rings,Lord Of the Rings
lord of the rings,Lord of the Rings
lord of the rings,lord of the rings
lord of the rings ripoff,Lord of the Rings ripoff
lord of the rings ripoff,lord of the rings ripoff
lori petty,Lori Petty
lori petty,lori petty
los angeles,Los Angeles
los angeles,los angeles
loss,Loss
loss,loss
lost child,Lost Child
lost child,lost child
lottery,Lottery
lottery,lottery
loud,Loud
loud,loud
louis malle,Louis Malle
louis malle,louis malle
louis theroux,Louis Theroux
louis theroux,louis theroux
louisiana,Louisiana
louisiana,louisiana
love,Love
love,love
love affair,Love Affair
love affair,love affair
love story,Love Story
love story,Love story
love story,love story
love triangle,Love Triangle
love triangle,Love triangle
love triangle,love triangle
love triangles,LOVE TRIANGLES
love triangles,love triangles
lovecraftian mythology,Lovecraftian mythology
lovecraftian mythology,lovecraftian mythology
loved it,Loved it
loved it,loved it
loved it!,Loved it!
loved it!,loved it!
lovely,Lovely
lovely,lovely
low budget,Low Budget
low budget,low budget
loyalty,Loyalty
loyalty,loyalty
luc besson,Luc Besson
luc besson,luc besson
lucas black,Lucas Black
lucas black,lucas black
luchino visconti,Luchino Visconti
luchino visconti,luchino visconti
lucifer,Lucifer
lucifer,lucifer
luck,Luck
luck,luck
lucy liu,Lucy Liu
lucy liu,lucy liu
ludacris,Ludacris
ludacris,ludacris
luke skywalker,Luke Skywalker
luke skywalker,luke skywalker
luke wilson,Luke Wilson
luke wilson,luke wilson
lynch,Lynch
lynch,lynch
lyrical,Lyrical
lyrical,lyrical
léa seydoux,Léa Seydoux
léa seydoux,léa seydoux
m. night shyamalan,M. Night Shyamalan
m. night shyamalan,m. night shyamalan
macbeth,MacBeth
macbeth,macbeth
macgyver,MacGyver
macgyver,macgyver
machete,Machete
machete,machete
mad scientist,Mad Scientist
mad scientist,mad scientist
made for tv,Made for TV
made for tv,made for TV
made for tv,made for tv
made me cry,Made me cry
made me cry,made me cry
madness,Madness
madness,madness
madonna,Madonna
madonna,madonna
mafia,MAFIA
mafia,Mafia
mafia,mafia
mafia life,MAFIA LIFE
mafia life,mafia life
maggie gyllenhaal,Maggie Gyllenhaal
maggie gyllenhaal,maggie gyllenhaal
magic,Magic
magic,magic
magic realism,Magic Realism
magic realism,Magic realism
magic realism,magic realism
magick,Magick
magick,magick
magnificent,Magnificent
magnificent,magnificent
maid,Maid
maid,maid
main characters,Main characters
main characters,main characters
maine,Maine
maine,maine
male full frontal nudity,Male Full Frontal Nudity
male full frontal nudity,male full frontal nudity
male nudity,Male nudity
male nudity,male nudity
mamet,Mamet
mamet,mamet
manchester,Manchester
manchester,manchester
mandarin,Mandarin
mandarin,mandarin
manhattan,Manhattan
manhattan,manhattan
manoel de oliveira,Manoel De Oliveira
manoel de oliveira,Manoel de Oliveira
maori,Maori
maori,maori
marcello mastroianni,Marcello Mastroianni
marcello mastroianni,marcello mastroianni
margaret cho,Margaret Cho
margaret cho,margaret cho
marijuana,Marijuana
marijuana,marijuana
marines,Marines
marines,marines
mario,Mario
mario,mario
marion cotillard,Marion Cotillard
marion cotillard,marion cotillard
mark hamill,Mark Hamill
mark hamill,mark hamill
mark strong,Mark Strong
mark strong,mark strong
mark wahlberg,Mark Wahlberg
mark wahlberg,mark wahlberg
marlon brando,Marlon Brando
marlon brando,marlon brando
marquis de sade,Marquis de Sade
marquis de sade,marquis de Sade
marriage,Marriage
marriage,marriage
mars,Mars
mars,mars
martial arts,Martial Arts
martial arts,Martial arts
martial arts,martial arts
martial arts flick,Martial Arts flick
martial arts flick,martial arts flick
martin lawrence,Martin Lawrence
martin lawrence,martin lawrence
martin scorsese,Martin Scorsese
martin scorsese,martin scorsese
martin wood,Martin Wood
martin wood,martin wood
marty feldman,Marty Feldman
marty feldman,marty feldman
marvel,Marvel
marvel,marvel
marvel comics,Marvel Comics
marvel comics,marvel comics
marx brothers,Marx Brothers
marx brothers,Marx brothers
marx brothers,marx brothers
marxism,Marxism
marxism,marxism
mary steenburgen,Mary Steenburgen
mary steenburgen,mary steenburgen
mary walsh,Mary Walsh
mary walsh,mary walsh
masculinity,Masculinity
masculinity,masculinity
masochism,Masochism
masochism,masochism
masterpiece,Masterpiece
masterpiece,masterpiece
matchmaking,Matchmaking
matchmaking,matchmaking
mathematics,Mathematics
mathematics,mathematics
matrix,Matrix
matrix,matrix
matt damon,Matt Damon
matt damon,matt damon
matthew macfadyen,Matthew MacFadyen
matthew macfadyen,Matthew Macfadyen
matthew mcconaughey,Matthew McConaughey
matthew mcconaughey,matthew mcconaughey
matthew perry,Matthew Perry
matthew perry,matthew perry
max von sydow,Max Von Sydow
max von sydow,Max von Sydow
maximus,Maximus
maximus,maximus
maya,Maya
maya,maya
maya deren,Maya Deren
maya deren,maya deren
mccarthyism,McCarthyism
mccarthyism,mccarthyism
mcdonalds,McDonalds
mcdonalds,mcdonalds
mcg,McG
mcg,mcg
mclovin,McLovin
mclovin,mclovin
mecha,Mecha
mecha,mecha
medical school,Medical School
medical school,medical school
medicine,Medicine
medicine,medicine
medieval,Medieval
medieval,medieval
mediocre,Mediocre
mediocre,mediocre
meg ryan,Meg Ryan
meg ryan,meg ryan
meh,Meh
meh,meh
mel brooks,Mel Brooks
mel brooks,mel brooks
mel gibson,Mel Gibson
mel gibson,mel gibson
melancholic,Melancholic
melancholic,melancholic
melanie griffith,Melanie Griffith
melanie griffith,melanie griffith
melanie laurent,Melanie Laurent
melanie laurent,melanie laurent
memorable,Memorable
memorable,memorable
memorable characters,Memorable Characters
memorable characters,memorable characters
memory,Memory
memory,memory
memory loss,Memory loss
memory loss,memory loss
mena suvari,Mena Suvari
mena suvari,mena suvari
mental hospital,Mental Hospital
mental hospital,mental hospital
mental illness,MENTAL ILLNESS
mental illness,Mental Illness
mental illness,mental illness
mental institution,Mental Institution
mental institution,mental institution
mentor,Mentor
mentor,mentor
merchant ivory,Merchant Ivory
merchant ivory,merchant ivory
mermaids,Mermaids
mermaids,mermaids
mervyn leroy,Mervyn LeRoy
mervyn leroy,Mervyn Leroy
meryl streep,Meryl Streep
meryl streep,meryl streep
message,Message
message,message
messy,Messy
messy,messy
meta,Meta
meta,meta
metal,Metal
metal,metal
metallica,Metallica
metallica,metallica
mexican,Mexican
mexican,mexican
mexico,Mexico
mexico,mexico
mia wasikowska,Mia Wasikowska
mia wasikowska,mia wasikowska
miami,Miami
miami,miami
michael bay,Michael Bay
michael bay,michael bay
michael caine,Michael Caine
michael caine,michael caine
michael cera,Michael Cera
michael cera,michael cera
michael chrichton,Michael Chrichton
michael chrichton,michael chrichton
michael douglas,Michael Douglas
michael douglas,michael douglas
michael j. fox,Michael  J. Fox
michael j. fox,Michael J. Fox
michael keaton,Michael Keaton
michael keaton,michael keaton
michael mann,Michael Mann
michael mann,michael mann
michael moore,Michael Moore
michael moore,michael moore
michael pitt,Michael Pitt
michael pitt,michael pitt
michael ruppert,Michael Ruppert
michael ruppert,michael ruppert
michael sheen,Michael Sheen
michael sheen,michael sheen
michel gondry,Michel Gondry
michel gondry,michel gondry
michelle monaghan,Michelle Monaghan
michelle monaghan,michelle monaghan
michelle rodriguez,Michelle Rodriguez
michelle rodriguez,michelle rodriguez
michelle yeoh,Michelle Yeoh
michelle yeoh,michelle yeoh
michigan,Michigan
michigan,michigan
mick jagger,Mick Jagger
mick jagger,mick jagger
mid-life crisis,Mid-life Crisis
mid-life crisis,mid-life crisis
middle ages,Middle Ages
middle ages,middle ages
middle earth,Middle Earth
middle earth,middle earth
middle east,Middle East
middle east,middle east
midlife crisis,Midlife Crisis
midlife crisis,midlife crisis
mike judge,Mike Judge
mike judge,mike judge
mike myers,Mike Myers
mike myers,mike myers
mike newell,Mike Newell
mike newell,mike newell
mila kunis,Mila Kunis
mila kunis,mila kunis
milan kundera,Milan Kundera
milan kundera,milan kundera
military,Military
military,military
milla jovovich,Milla Jovovich
milla jovovich,milla jovovich
mimi rogers,Mimi Rogers
mimi rogers,mimi rogers
mind games,MIND GAMES
mind games,Mind Games
mind games,Mind games
mind games,mind games
mind numbingly boring,Mind numbingly boring
mind numbingly boring,mind numbingly boring
mindfuck,Mindfuck
mindfuck,mindfuck
minions,Minions
minions,minions
minnesota,Minnesota
minnesota,minnesota
miranda otto,Miranda Otto
miranda otto,miranda otto
miranda richardson,Miranda Richardson
miranda richardson,miranda richardson
misanthrope,MIsanthrope
misanthrope,misanthrope
misanthropic,Misanthropic
misanthropic,misanthropic
miscarriage of justice,MISCARRIAGE OF JUSTICE
miscarriage of justice,miscarriage of justice
misfits and outsiders,MISFITS AND OUTSIDERS
misfits and outsiders,misfits and outsiders
misogynistic,Misogynistic
misogynistic,misogynistic
misogyny,Misogyny
misogyny,misogyny
miss piggy,Miss Piggy
miss piggy,miss piggy
mission from god,Mission From God
mission from god,mission from God
missionary,Missionary
missionary,missionary
mississippi river,Mississippi River
mississippi river,mississippi river
mist,Mist
mist,mist
mistaken identities,MISTAKEN IDENTITIES
mistaken identities,mistaken identities
mma,MMA
mma,mma
mo'nique,Mo'Nique
mo'nique,mo'nique
mob,Mob
mob,mob
mockumentary,Mockumentary
mockumentary,mockumentary
modern china,Modern China
modern china,modern China
modern music,Modern music
modern music,modern music
molly parker,Molly Parker
molly parker,molly parker
monica bellucci,Monica Bellucci
monica bellucci,monica bellucci
monks,Monks
monks,monks
monologue,Monologue
monologue,monologue
monsanto,Monsanto
monsanto,monsanto
monster,Monster
monster,monster
monsters,Monsters
monsters,monsters
montreal,Montreal
montreal,montreal
monty python,Monty Python
monty python,monty python
montypython,MontyPython
montypython,montyPython
moon,Moon
moon,moon
moral,Moral
moral,moral
morality,Morality
morality,morality
morals,Morals
morals,morals
morgan freeman,Morgan Freeman
morgan freeman,morgan freeman
moritz bleibtreu,Moritz Bleibtreu
moritz bleibtreu,moritz bleibtreu
mormon,MORMON
mormon,Mormon
mormon,mormon
mortality,Mortality
mortality,mortality
moses,Moses
moses,moses
mosfilm,Mosfilm
mosfilm,mosfilm
mossad,Mossad
mossad,mossad
mother,Mother
mother,mother
mother son relationship,Mother Son Relationship
mother son relationship,Mother Son relationship
mother son relationship,mother son relationship
mothers and daughters,MOTHERS AND DAUGHTERS
mothers and daughters,mothers and daughters
motion capture,Motion Capture
motion capture,motion capture
motivation,Motivation
motivation,motivation
mourning,Mourning
mourning,mourning
movielens top pick,Movielens top pick
movielens top pick,movielens top pick
movies 8,Movies 8
movies 8,movies 8
movies i own-dvd,Movies I Own-DVD
movies i own-dvd,Movies I own-DVD
moving,Moving
moving,moving
mozart,Mozart
mozart,mozart
mst3k,MST3K
mst3k,MST3k
mst3k,mst3k
mtv,MTV
mtv,mtv
mtv feature,MtV Feature
mtv feature,mtv feature
muay thai,Muay thai
muay thai,muay thai
multiple personalities,Multiple Personalities
multiple personalities,multiple personalities
multiple personality disorder,Multiple Personality Disorder
multiple personality disorder,multiple personality disorder
multiple stories,Multiple Stories
multiple stories,multiple stories
mumblecore,Mumblecore
mumblecore,mumblecore
muppets,Muppets
muppets,muppets
murder,MURDER
murder,Murder
murder,murder
murder investigations,MURDER INVESTIGATIONS
murder investigations,Murder Investigations
murder investigations,murder investigations
museum,Museum
museum,museum
music,Music
music,music
music business,Music Business
music business,music business
music:rock and roll (1960s),music:Rock and Roll (1960s)
music:rock and roll (1960s),music:rock and roll (1960s)
musical,Musical
musical,musical
musicals,Musicals
musicals,musicals
musicians,Musicians
musicians,musicians
must see,Must See
must see,must see
must see!,Must see!
must see!,must see!
mutants,MUTANTS
mutants,mutants
my dvds,My DVDs
my dvds,my DVDs
my dvds,my dvds
my favourite,My Favourite
my favourite,my favourite
mystery,Mystery
mystery,mystery
mysticism,Mysticism
mysticism,mysticism
mythical creatures,MYTHICAL CREATURES
mythical creatures,mythical creatures
na,NA
na,Na
naomi watts,Naomi Watts
naomi watts,naomi watts
narcissistic,Narcissistic
narcissistic,narcissistic
narnia,Narnia
narnia,narnia
narration,Narration
narration,narration
nascar,Nascar
nascar,nascar
nashville,Nashville
nashville,nashville
natalie portman,Natalie Portman
natalie portman,natalie portman
nathan fillion,Nathan Fillion
nathan fillion,nathan fillion
nathan lane,Nathan Lane
nathan lane,nathan lane
national lampoon,National Lampoon
national lampoon,national lampoon
native american,Native American
native american,native american
native americans,Native Americans
native americans,native americans
natives,Natives
natives,natives
nativity,Nativity
nativity,nativity
nature,Nature
nature,nature
nature of leadership,Nature of leadership
nature of leadership,nature of leadership
navy,Navy
navy,navy
navy seals,Navy SEALs
navy seals,Navy seals
navy seals,navy seals
nazi,Nazi
nazi,nazi
nazi germany,Nazi Germany
nazi germany,nazi germany
nazis,Nazis
nazis,nazis
nebraska,Nebraska
nebraska,nebraska
need to add to rym,Need to add to rym
need to add to rym,need to add to rym
neil gaiman,Neil Gaiman
neil gaiman,Neil gaiman
neil gaiman,neil gaiman
neil marshall,Neil Marshall
neil marshall,neil marshall
neil patrick harris,Neil Patrick Harris
neil patrick harris,neil patrick harris
neil simon,Neil Simon
neil simon,neil simon
neo-nazis,Neo-Nazis
neo-nazis,neo-Nazis
neo-nazis,neo-nazis
neo-noir,Neo-Noir
neo-noir,Neo-noir
neo-noir,neo-noir
neo-realism,Neo-Realism
neo-realism,Neo-realism
neo-realism,neo-realism
nerd fantasy,Nerd fantasy
nerd fantasy,nerd fantasy
netflix,Netflix
netflix,netflix
netflix streaming,Netflix Streaming
netflix streaming,Netflix streaming
netflix streaming,netflix streaming
netherlands,Netherlands
netherlands,netherlands
nevada,Nevada
nevada,nevada
new french extremity,New French Extremity
new french extremity,new french extremity
new idea,New Idea
new idea,new idea
new jersey,New Jersey
new jersey,new jersey
new mexico,New Mexico
new mexico,new mexico
new orleans,New Orleans
new orleans,new orleans
new year's eve,New Year's Eve
new year's eve,new year's eve
new york,New York
new york,new york
new york city,New York City
new york city,New york city
new york city,new york city
new zealand,New Zealand
new zealand,new zealand
nice,Nice
nice,nice
nice drama,Nice drama
nice drama,nice drama
nice movie,Nice movie
nice movie,nice movie
nick frost,Nick Frost
nick frost,nick frost
nick hornby,Nick Hornby
nick hornby,nick hornby
nicolas cage,Nicolas Cage
nicolas cage,nicolas cage
nicole kidman,Nicole Kidman
nicole kidman,nicole kidman
night,Night
night,night
nirvana,Nirvana
nirvana,nirvana
no chemistry,No Chemistry
no chemistry,no chemistry
no conclusion,No Conclusion
no conclusion,no conclusion
no explanation,No Explanation
no explanation,no explanation
no marriage at the end,No Marriage at the End
no marriage at the end,no marriage at the end
no story line,No story line
no story line,no story line
no substance,NO substance
no substance,No Substance
noah baumbach,Noah Baumbach
noah baumbach,noah baumbach
noah wyle,Noah Wyle
noah wyle,noah wyle
noir,Noir
noir,noir
nonlinear,Nonlinear
nonlinear,nonlinear
nora ephron,Nora Ephron
nora ephron,nora ephron
norse,Norse
norse,norse
norway,Norway
norway,norway
norwegian,Norwegian
norwegian,norwegian
nostalgia,Nostalgia
nostalgia,nostalgia
nostalgic,Nostalgic
nostalgic,nostalgic
not a comedy,Not a comedy
not a comedy,not a comedy
not a movie,NOT A MOVIE
not a movie,NOT a movie
not a movie,Not a movie
not a movie,not a movie
not again!,NOT Again!
not again!,Not again!
not available from netflix,Not available from Netflix
not available from netflix,not available from Netflix
not available from netflix,not available from netflix
not bad,Not bad
not bad,not bad
not enough action,Not enough action
not enough action,not enough action
not funny,Not funny
not funny,not funny
not great,not  great
not great,not great
not horror,NOT horror
not horror,not horror
not in english,Not in English
not in english,not in english
not on dvd,Not on DVD
not on dvd,Not on dvd
not on dvd,not on DVD
not seen,Not Seen
not seen,not seen
not true to book,Not True to Book
not true to book,not true to book
not true to the book,Not True to the Book
not true to the book,not true to the book
notable nudity,Notable Nudity
notable nudity,notable nudity
nothing,NOTHING
nothing,Nothing
nothing,nothing
nothing at all,Nothing at all
nothing at all,nothing at all
nova scotia,Nova Scotia
nova scotia,nova scotia
novelist,Novelist
novelist,novelist
nudity,Nudity
nudity,nudity
nudity (brief),Nudity (Brief)
nudity (brief),nudity (brief)
nudity (full - male),Nudity (Full - Male)
nudity (full - male),nudity (Full - Male)
nudity (full frontal - brief),Nudity (Full Frontal - Brief)
nudity (full frontal - brief),nudity (full frontal - brief)
nudity (full frontal),Nudity (Full Frontal)
nudity (full frontal),nudity (full Frontal)
nudity (full frontal),nudity (full frontal)
nudity (rear),Nudity (Rear)
nudity (rear),nudity (rear)
nudity (topless - brief),Nudity (Topless - Brief)
nudity (topless - brief),nudity (topless - brief)
nudity (topless - notable),Nudity (Topless - Notable)
nudity (topless - notable),nudity (topless - notable)
nudity (topless),Nudity (Topless)
nudity (topless),nudity (Topless)
nudity (topless),nudity (topless)
nun,Nun
nun,nun
nuns,Nuns
nuns,nuns
nyc,NYC
nyc,nyc
obejrzane,Obejrzane
obejrzane,obejrzane
objectivism,Objectivism
objectivism,objectivism
obsession,Obsession
obsession,obsession
obsessive compulsive disorder,Obsessive Compulsive Disorder
obsessive compulsive disorder,obsessive compulsive disorder
octopus,Octopus
octopus,octopus
oded fehr,Oded Fehr
oded fehr,oded fehr
odette yustman,Odette Yustman
odette yustman,odette yustman
off beat,Off beat
off beat,off beat
offbeat,Offbeat
offbeat,offbeat
offensive,Offensive
offensive,offensive
office,Office
office,office
ok,Ok
ok,ok
okay,OKAY
okay,okay
oklahoma,Oklahoma
oklahoma,oklahoma
old,Old
old,old
old age,Old age
old age,old age
old school,Old school
old school,old school
oliver platt,Oliver Platt
oliver platt,oliver platt
oliver reed,Oliver Reed
oliver reed,oliver reed
oliver stone,Oliver Stone
oliver stone,oliver stone
olivia wilde,Olivia Wilde
olivia wilde,olivia wilde
olympics,Olympics
olympics,olympics
omaha,Omaha
omaha,omaha
omar sharif,Omar Sharif
omar sharif,omar sharif
on server,On server
on server,on server
one last heist,ONE LAST HEIST
one last heist,one last heist
one of the most tense and suspenseful movies ever made,one of the most tense and suspenseful movies  ever made
one of the most tense and suspenseful movies ever made,one of the most tense and suspenseful movies ever made
one sided,One sided
one sided,one sided
one-liners,One-Liners
one-liners,one-liners
oppl,oppl
oppl, oppl
opposites attract,OPPOSITES ATTRACT
opposites attract,opposites attract
oppression,Oppression
oppression,oppression
organized crime,Organized crime
organized crime,organized crime
original,Original
original,original
original story,Original story
original story,original story
originality,Originality
originality,originality
orlando bloom,Orlando Bloom
orlando bloom,orlando bloom
orphans,ORPHANS
orphans,Orphans
orphans,orphans
orson scott card,Orson Scott Card
orson scott card,orson scott card
orson welles,Orson Welles
orson welles,orson welles
oscar,Oscar
oscar,oscar
oscar (best actress),Oscar (Best Actress)
oscar (best actress),oscar (best actress)
oscar (best art direction),Oscar (Best Art Direction)
oscar (best art direction),oscar (best art direction)
oscar (best cinematography),Oscar (Best Cinematography)
oscar (best cinematography),oscar (best cinematography)
oscar (best directing),Oscar (Best Directing)
oscar (best directing),oscar (best directing)
oscar (best foreign language film),Oscar (Best Foreign Language Film)
oscar (best foreign language film),oscar (best foreign language film)
oscar (best picture),Oscar (Best Picture)
oscar (best picture),oscar (best picture)
oscar (best writing - screenplay written directly for the screen),Oscar (Best Writing - Screenplay Written Directly for the Screen)
oscar (best writing - screenplay written directly for the screen),oscar (best writing - screenplay written directly for the screen)
oscar 2012,Oscar 2012
oscar 2012,oscar 2012
oscar nomination,Oscar Nomination
oscar nomination,Oscar nomination
oscar nominee,Oscar Nominee
oscar nominee,oscar nominee
oscar nominee: best picture,Oscar Nominee: Best Picture
oscar nominee: best picture,oscar nominee: Best Picture
oscar nominee: best picture,oscar nominee: best picture
oscar nominee: costume design,Oscar Nominee: Costume Design
oscar nominee: costume design,oscar nominee: costume design
oscar nominee: lead actor,Oscar Nominee: Lead Actor
oscar nominee: lead actor,oscar nominee: lead actor
oscar nominee: lead actress,Oscar Nominee: Lead Actress
oscar nominee: lead actress,Oscar nominee: Lead Actress
oscar winner,Oscar Winner
oscar winner,Oscar winner
oscar winner,oscar winner
oshii,Oshii
oshii,oshii
ost,OST
ost,ost
outback,Outback
outback,outback
outer space,Outer space
outer space,outer space
over the top,Over the top
over the top,over the top
over-rated,Over-rated
over-rated,over-rated
overhyped,OverHyped
overhyped,Overhyped
overhyped,overhyped
overlong,Overlong
overlong,overlong
overlooked,Overlooked
overlooked,overlooked
overpowered hero,Overpowered hero
overpowered hero,overpowered hero
overrated,Overrated
overrated,overrated
owen wilson,Owen Wilson
owen wilson,owen wilson
owls,Owls
owls,owls
own,Own
own,own
own it,Own It
own it,Own it
own it,own it
owned,Owned
owned,owned
oxford,Oxford
oxford,oxford
oz,Oz
oz,oz
ozarks,Ozarks
ozarks,ozarks
pacey,Pacey
pacey,pacey
pacing,Pacing
pacing,pacing
padding,Padding
padding,padding
paddy considine,Paddy Considine
paddy considine,paddy considine
palestine,Palestine
palestine,palestine
panic,Panic
panic,panic
paradox,Paradox
paradox,paradox
parallel universe,Parallel universe
parallel universe,parallel universe
paranoia,Paranoia
paranoia,paranoia
paranormal,Paranormal
paranormal,paranormal
parenthood,PARENTHOOD
parenthood,Parenthood
parenthood,parenthood
paris,Paris
paris,paris
parody,Parody
parody,parody
partisans,Partisans
partisans,partisans
partly seen,Partly seen
partly seen,partly seen
pat,Pat
pat,pat
pat morita,Pat Morita
pat morita,pat morita
patagonia,Patagonia
patagonia,patagonia
patricia clarkson,Patricia Clarkson
patricia clarkson,patricia clarkson
patricide,Patricide
patricide,patricide
patrick fugit,Patrick Fugit
patrick fugit,patrick fugit
patrick swayze,Patrick Swayze
patrick swayze,patrick swayze
paul auster,Paul Auster
paul auster,paul auster
paul bettany,Paul Bettany
paul bettany,paul bettany
paul dano,Paul Dano
paul dano,paul dano
paul giamatti,Paul Giamatti
paul giamatti,paul giamatti
paul newman,Paul Newman
paul newman,Paul newman
paul newman,paul newman
paul reubens,Paul Reubens
paul reubens,paul reubens
paul rudd,Paul Rudd
paul rudd,paul rudd
paul simon,Paul Simon
paul simon,paul simon
paul verhoeven,Paul Verhoeven
paul verhoeven,paul verhoeven
paul walker,Paul Walker
paul walker,Paul walker
pedantic,Pedantic
pedantic,pedantic
pedophilia,Pedophilia
pedophilia,pedophilia
pedro almodovar,Pedro Almodovar
pedro almodovar,pedro almodovar
peer pressure,PEER PRESSURE
peer pressure,peer pressure
penelope cruz,Penelope Cruz
penelope cruz,penelope cruz
penis,Penis
penis,penis
pentecostal,Pentecostal
pentecostal,pentecostal
peplum,Peplum
peplum,peplum
perfect,Perfect
perfect,perfect
perfect crime,PERFECT CRIME
perfect crime,perfect crime
performance,Performance
performance,performance
period,Period
period,period
period drama,Period Drama
period drama,period drama
period piece,Period Piece
period piece,Period piece
period piece,period piece
persia,Persia
persia,persia
personal demons,Personal demons
personal demons,personal demons
personal growth,Personal Growth
personal growth,personal growth
personalities,Personalities
personalities,personalities
peter graves,Peter Graves
peter graves,peter graves
peter jackson,Peter Jackson
peter jackson,peter jackson
peter o'toole,Peter O'Toole
peter o'toole,peter o'toole
peter sellers,Peter Sellers
peter sellers,peter sellers
peter weller,Peter Weller
peter weller,peter weller
peyman moaadi,Peyman Moaadi
peyman moaadi,peyman moaadi
pg-13,PG-13
pg-13,pg-13
pg-13:intense sci-fi action and violence,PG-13:intense sci-fi action and violence
pg-13:intense sci-fi action and violence,pg-13:intense sci-fi action and violence
pg-13:sci-fi action violence,PG-13:sci-fi action violence
pg-13:sci-fi action violence,pg-13:sci-fi action violence
pg:violence,PG:violence
pg:violence,pg:violence
phil collins,Phil Collins
phil collins,phil collins
philip marlowe,Philip Marlowe
philip marlowe,philip marlowe
philip seymour hoffman,Philip Seymour Hoffman
philip seymour hoffman,philip seymour hoffman
phillip glass score,Phillip Glass score
phillip glass score,phillip glass score
philosophical,Philosophical
philosophical,philosophical
philosophy,Philosophy
philosophy,philosophy
photographer,Photographer
photographer,photographer
photography,Photography
photography,photography
piano,Piano
piano,piano
pierce brosnan,Pierce  Brosnan
pierce brosnan,Pierce Brosnan
pink,Pink
pink,pink
pirate,Pirate
pirate,pirate
pirates,Pirates
pirates,pirates
pittsburgh,Pittsburgh
pittsburgh,pittsburgh
pixar,Pixar
pixar,pixar
plane crash,Plane Crash
plane crash,plane crash
planes,Planes
planes,planes
pleasant,Pleasant
pleasant,pleasant
plodding pace,Plodding pace
plodding pace,plodding pace
plot,Plot
plot,plot
plot holes,Plot Holes
plot holes,Plot holes
plot holes,plot holes
plot twist,Plot twist
plot twist,plot twist
plot twists,Plot twists
plot twists,plot twists
poetic,Poetic
poetic,poetic
poignant,Poignant
poignant,poignant
pointless,Pointless
pointless,pointless
pokemon,Pokemon
pokemon,pokemon
poker,Poker
poker,poker
poland,Poland
poland,poland
police,Police
police,police
police corruption,POLICE CORRUPTION
police corruption,police corruption
police investigation,Police Investigation
police investigation,police investigation
polish,Polish
polish,polish
polish movie,Polish movie
polish movie,polish movie
political,Political
political,political
political corruption,POLITICAL CORRUPTION
political corruption,political corruption
political satire,Political Satire
political satire,political satire
political scandal,Political scandal
political scandal,political scandal
political thriller,Political Thriller
political thriller,political thriller
politics,Politics
politics,politics
poop,Poop
poop,poop
poor acting,Poor Acting
poor acting,Poor acting
poor acting,poor acting
poor dialogue,Poor Dialogue
poor dialogue,poor dialogue
poor plot,Poor Plot
poor plot,Poor plot
poor plot,poor plot
poor plot development,Poor plot development
poor plot development,poor plot development
poorly acted,Poorly Acted
poorly acted,poorly acted
poorly paced,Poorly paced
poorly paced,poorly paced
popcorn,Popcorn
popcorn,popcorn
popularity,Popularity
popularity,popularity
porn industry,Porn industry
porn industry,porn industry
porno industry,Porno Industry
porno industry,porno industry
post apocalypse,Post Apocalypse
post apocalypse,post apocalypse
post apocalyptic,Post apocalyptic
post apocalyptic,post apocalyptic
post wwii,Post WWII
post wwii,post WWII
post-apocalyptic,Post-Apocalyptic
post-apocalyptic,post-apocalyptic
potter,Potter
potter,potter
poverty,Poverty
poverty,poverty
pows,POWs
pows,pows
prague,Prague
prague,prague
prank,Prank
prank,prank
preachy,Preachy
preachy,preachy
precognition,Precognition
precognition,precognition
predictable,Predictable
predictable,predictable
predictable ending,Predictable ending
predictable ending,predictable ending
predictable movie,Predictable movie
predictable movie,predictable movie
pregnancy,Pregnancy
pregnancy,pregnancy
premise,Premise
premise,premise
premonition,Premonition
premonition,premonition
president,President
president,president
pretentious,Pretentious
pretentious,pretentious
pride,Pride
pride,pride
priest,Priest
priest,priest
prime minister,Prime Minister
prime minister,prime minister
prince,Prince
prince,prince
princess,Princess
princess,princess
prison,Prison
prison,prison
prisoners of war,Prisoners of War
prisoners of war,prisoners of war
private eyes,PRIVATE EYES
private eyes,private eyes
private investigator,Private investigator
private investigator,private investigator
production design,Production Design
production design,production design
prohibition,Prohibition
prohibition,prohibition
project greenlight,Project Greenlight
project greenlight,project greenlight
prom,Prom
prom,prom
propaganda,Propaganda
propaganda,propaganda
prophetic,Prophetic
prophetic,prophetic
prostitutes,PROSTITUTES
prostitutes,Prostitutes
prostitutes,prostitutes
prostitution,Prostitution
prostitution,prostitution
protest,Protest
protest,protest
psychiatry,Psychiatry
psychiatry,psychiatry
psychic abilities,PSYCHIC ABILITIES
psychic abilities,psychic abilities
psycho,Psycho
psycho,psycho
psychoanalysis,Psychoanalysis
psychoanalysis,psychoanalysis
psychological,Psychological
psychological,psychological
psychological drama,Psychological drama
psychological drama,psychological drama
psychological horror,Psychological Horror
psychological horror,Psychological horror
psychological horror,psychological horror
psychological thriller,Psychological Thriller
psychological thriller,psychological thriller
psychology,Psychology
psychology,psychology
psychopath,Psychopath
psychopath,psychopath
psychopathy,Psychopathy
psychopathy,psychopathy
psychothriller,Psychothriller
psychothriller,psychothriller
pulp,Pulp
pulp,pulp
punk,Punk
punk,punk
puppen,Puppen
puppen,puppen
puppets,Puppets
puppets,puppets
quebec,Quebec
quebec,quebec
queen,Queen
queen,queen
queen latifah,Queen Latifah
queen latifah,queen latifah
quentin tarantino,Quentin Tarantino
quentin tarantino,quentin tarantino
quest,Quest
quest,quest
questioning sexuality,QUESTIONING SEXUALITY
questioning sexuality,questioning sexuality
quinten tarantino,Quinten Tarantino
quinten tarantino,quinten tarantino
quirky,Quirky
quirky,quirky
quite romantic,Quite Romantic
quite romantic,quite romantic
quotable,Quotable
quotable,quotable
quotes,Quotes
quotes,quotes
quã©bã©cois,QuÃ©bÃ©cois
quã©bã©cois,quÃ©bÃ©cois
r:some violence,R:some violence
r:some violence,r:some violence
r:violence,R:violence
r:violence,r:violence
race,Race
race,race
race against time,RACE AGAINST TIME
race against time,Race against time
race against time,race against time
race issues,Race issues
race issues,race issues
race relations,RACE RELATIONS
race relations,race relations
rachael leigh cook,Rachael Leigh Cook
rachael leigh cook,rachael leigh cook
rachel griffiths,Rachel Griffiths
rachel griffiths,rachel griffiths
rachel mcadams,Rachel McAdams
rachel mcadams,rachel mcadams
rachel weisz,Rachel Weisz
rachel weisz,rachel weisz
racing,Racing
racing,racing
racism,Racism
racism,racism
racist,Racist
racist,racist
radical politics,Radical Politics
radical politics,radical politics
radiohead,Radiohead
radiohead,radiohead
rags to riches,RAGS TO RICHES
rags to riches,rags to riches
rain,Rain
rain,rain
ralph fiennes,Ralph Fiennes
ralph fiennes,ralph fiennes
randy newman,Randy Newman
randy newman,randy newman
rap,Rap
rap,rap
rape,Rape
rape,rape
rapist,Rapist
rapist,rapist
rats,Rats
rats,rats
rave,Rave
rave,rave
ray charles,Ray Charles
ray charles,ray charles
ray liotta,Ray Liotta
ray liotta,ray liotta
ray milland,Ray Milland
ray milland,ray milland
reaganomics,Reaganomics
reaganomics,reaganomics
real estate,Real Estate
real estate,real estate
real story,Real story
real story,real story
real time,Real Time
real time,real time
realism,Realism
realism,realism
realist,Realist
realist,realist
realistic,Realistic
realistic,realistic
realistic ending,Realistic ending
realistic ending,realistic ending
reality tv,reality TV
reality tv,reality tv
really bad,Really Bad
really bad,Really bad
really bad,really bad
really funny,Really funny
really funny,really funny
rebecca hall,Rebecca Hall
rebecca hall,rebecca hall
rebecca pidgeon,Rebecca Pidgeon
rebecca pidgeon,rebecca pidgeon
rebellion,Rebellion
rebellion,rebellion
reboot,Reboot
reboot,reboot
recommendz top pick,Recommendz Top Pick
recommendz top pick,recommendz top pick
red,Red
red,red
redbox,REDBOX
redbox,Redbox
redbox,redbox
redemption,REDEMPTION
redemption,Redemption
redemption,redemption
reese witherspoon,Reese Witherspoon
reese witherspoon,reese witherspoon
refreshing,Refreshing
refreshing,refreshing
regal,Regal
regal,regal
regret,Regret
regret,regret
regrets,Regrets
regrets,regrets
reimagining,Reimagining
reimagining,reimagining
reincarnation,REINCARNATION
reincarnation,reincarnation
relationship,Relationship
relationship,relationship
relationships,Relationships
relationships,relationships
religion,Religion
religion,religion
religious,Religious
religious,religious
religious zealotry,RELIGIOUS ZEALOTRY
religious zealotry,religious zealotry
reluctant hero,Reluctant Hero
reluctant hero,reluctant hero
remade,Remade
remade,remade
remake,Remake
remake,remake
remake of a swedish film,remake of a Swedish film
remake of a swedish film,remake of a swedish film
renee zellweger,Renee Zellweger
renee zellweger,renee zellweger
renoir,Renoir
renoir,renoir
rent,RENT
rent,rent
repeat watch,Repeat Watch
repeat watch,repeat watch
repetitive,Repetitive
repetitive,repetitive
repressed sexuality,Repressed sexuality
repressed sexuality,repressed sexuality
rescue,Rescue
rescue,rescue
resurrection,Resurrection
resurrection,resurrection
retarded,Retarded
retarded,retarded
retirement,Retirement
retirement,retirement
revealing,Revealing
revealing,revealing
revenge,Revenge
revenge,revenge
revenge trilogy,Revenge Trilogy
revenge trilogy,revenge trilogy
revolution,Revolution
revolution,revolution
revolutionary,Revolutionary
revolutionary,revolutionary
rhys ifans,Rhys Ifans
rhys ifans,rhys ifans
ric burns,Ric Burns
ric burns,ric burns
richard armitage,Richard Armitage
richard armitage,richard armitage
richard dreyfuss,Richard Dreyfuss
richard dreyfuss,richard dreyfuss
richard fleischer,Richard Fleischer
richard fleischer,richard fleischer
richard gere,Richard Gere
richard gere,richard gere
richard kelly,Richard Kelly
richard kelly,richard kelly
richard linklater,Richard Linklater
richard linklater,richard linklater
richard pryor,Richard Pryor
richard pryor,richard pryor
rick moranis,Rick Moranis
rick moranis,rick moranis
ricky jay,Ricky Jay
ricky jay,ricky jay
ridiculous,Ridiculous
ridiculous,ridiculous
ridley scott,Ridley Scott
ridley scott,ridley scott
ringo lam,Ringo Lam
ringo lam,ringo lam
rio de janeiro,Rio de Janeiro
rio de janeiro,rio de Janeiro
rio de janeiro,rio de janeiro
rise to power,RISE TO POWER
rise to power,rise to power
rita hayworth,Rita Hayworth
rita hayworth,rita hayworth
river,River
river,river
road movie,Road Movie
road movie,Road movie
road movie,road movie
road picture,Road Picture
road picture,road picture
road trip,Road Trip
road trip,road trip
roald dahl,Roald Dahl
roald dahl,roald dahl
rob bowman,Rob Bowman
rob bowman,rob bowman
rob lowe,Rob Lowe
rob lowe,rob lowe
rob reiner,Rob Reiner
rob reiner,rob reiner
rob schneider,Rob Schneider
rob schneider,rob schneider
robbery,Robbery
robbery,robbery
robert altman,Robert Altman
robert altman,robert altman
robert de niro,Robert De Niro
robert de niro,robert de niro
robert deniro,Robert DeNiro
robert deniro,Robert Deniro
robert deniro,robert deniro
robert downey jr,Robert Downey Jr
robert downey jr,robert downey jr
robert downey jr.,Robert Downey Jr.
robert downey jr.,robert downey jr.
robert duvall,Robert Duvall
robert duvall,robert duvall
robert louis stevenson,Robert Louis Stevenson
robert louis stevenson,robert louis stevenson
robert pattinson,Robert Pattinson
robert pattinson,robert pattinson
robert zemeckis,Robert Zemeckis
robert zemeckis,robert zemeckis
robin williams,Robin Williams
robin williams,robin williams
robin wright penn,Robin Wright Penn
robin wright penn,robin wright penn
robots,Robots
robots,robots
rock,Rock
rock,rock
rock opera,Rock Opera
rock opera,rock opera
rodrigo santoro,Rodrigo Santoro
rodrigo santoro,rodrigo santoro
roger corman,Roger Corman
roger corman,roger corman
rogue,Rogue
rogue,rogue
roland emmerich,Roland Emmerich
roland emmerich,roland emmerich
rollerblading,Rollerblading
rollerblading,rollerblading
romain duris,Romain Duris
romain duris,romain duris
roman empire,Roman Empire
roman empire,Roman empire
roman polanski,Roman Polanski
roman polanski,roman polanski
romance,Romance
romance,romance
romance of the three kingdoms,Romance of the Three Kingdoms
romance of the three kingdoms,romance of the three kingdoms
romani,Romani
romani,romani
romania,Romania
romania,romania
romanian poverty,Romanian poverty
romanian poverty,romanian poverty
romantic,ROMANTIC
romantic,Romantic
romantic,romantic
romantic comedy,Romantic Comedy
romantic comedy,romantic comedy
romantic longing,Romantic longing
romantic longing,romantic longing
romcom,ROMCOM
romcom,RomCom
romcom,romcom
rome,Rome
rome,rome
romeo and juliet,Romeo and Juliet
romeo and juliet,romeo and juliet
romp,Romp
romp,romp
ron silver,Ron Silver
ron silver,ron silver
rory cochrane,Rory Cochrane
rory cochrane,rory cochrane
rosario dawson,Rosario Dawson
rosario dawson,rosario dawson
rose mcgowan,Rose McGowan
rose mcgowan,rose mcgowan
rotoscope,Rotoscope
rotoscope,rotoscope
roy scheider,Roy Scheider
roy scheider,roy scheider
ruggero deodato,Ruggero Deodato
ruggero deodato,ruggero deodato
ruined the franchise,Ruined the franchise
ruined the franchise,ruined the franchise
runaway,Runaway
runaway,runaway
rural,Rural
rural,rural
russel brand,Russel Brand
russel brand,russel brand
russel crowe,Russel Crowe
russel crowe,russel crowe
russell brand,Russell Brand
russell brand,russell brand
russia,Russia
russia,russia
russian,Russian
russian,russian
russian mafia,Russian Mafia
russian mafia,Russian mafia
russian mafia,russian mafia
russian revolution,Russian revolution
russian revolution,russian revolution
russian roulette,Russian roulette
russian roulette,russian roulette
russians,Russians
russians,russians
rutger hauer,Rutger Hauer
rutger hauer,rutger hauer
ryan gosling,Ryan Gosling
ryan gosling,ryan Gosling
ryan gosling,ryan gosling
ryan reynolds,Ryan Reynolds
ryan reynolds,ryan reynolds
sabu,SABU
sabu,Sabu
sacha baron cohen,Sacha Baron Cohen
sacha baron cohen,sacha baron cohen
sacrifice,Sacrifice
sacrifice,sacrifice
sad,SAD
sad,Sad
sad,sad
sad ending,Sad Ending
sad ending,Sad ending
sad ending,sad ending
sadistic,Sadistic
sadistic,sadistic
sally field,Sally Field
sally field,sally field
salma hayek,Salma Hayek
salma hayek,salma hayek
salvador dali,Salvador Dali
salvador dali,salvador dali
salvation,Salvation
salvation,salvation
sam mendes,Sam Mendes
sam mendes,sam mendes
sam peckinpah,Sam Peckinpah
sam peckinpah,sam peckinpah
sam rockwell,Sam Rockwell
sam rockwell,sam rockwell
samuel l. jackson,Samuel L. Jackson
samuel l. jackson,samuel l. jackson
samurai,Samurai
samurai,samurai
san francisco,San Francisco
san francisco,san francisco
sandra bullock,Sandra Bullock
sandra bullock,sandra bullock
sandra oh,Sandra Oh
sandra oh,sandra oh
sanity,Sanity
sanity,sanity
santa claus,Santa Claus
santa claus,santa claus
sappy,Sappy
sappy,sappy
sarah silverman,Sarah Silverman
sarah silverman,sarah silverman
satan,Satan
satan,satan
satanic cult,Satanic Cult
satanic cult,satanic cult
satanism,Satanism
satanism,satanism
satire,Satire
satire,satire
saturday night live,Saturday Night Live
saturday night live,saturday night live
satyajit ray,Satyajit Ray
satyajit ray,satyajit ray
saudi arabia,Saudi Arabia
saudi arabia,saudi arabia
scam,Scam
scam,scam
scams,Scams
scams,scams
scandal,Scandal
scandal,scandal
scarlett johansson,Scarlett Johansson
scarlett johansson,scarlett johansson
scary,Scary
scary,scary
scenery,Scenery
scenery,scenery
schizophrenia,Schizophrenia
schizophrenia,schizophrenia
schmaltzy,Schmaltzy
schmaltzy,schmaltzy
school,School
school,school
sci fi,Sci Fi
sci fi,Sci fi
sci fi,sci fi
sci-fi,Sci-Fi
sci-fi,Sci-fi
sci-fi,sci-fi
science,Science
science,science
science fiction,Science Fiction
science fiction,science fiction
science vs religion,Science vs Religion
science vs religion,science vs religion
scientist,Scientist
scientist,scientist
scifi,SciFi
scifi,scifi
scooby-doo,Scooby-Doo
scooby-doo,scooby-doo
scope,Scope
scope,scope
score,Score
score,score
scorsese,Scorsese
scorsese,scorsese
scotland,Scotland
scotland,scotland
scottish,Scottish
scottish,scottish
scrat,Scrat
scrat,scrat
screenplay,Screenplay
screenplay,screenplay
screwball,Screwball
screwball,screwball
screwball comedy,Screwball Comedy
screwball comedy,screwball comedy
script,Script
script,script
sea,Sea
sea,sea
sean astin,Sean Astin
sean astin,sean astin
sean connery,Sean Connery
sean connery,sean connery
sean penn,Sean Penn
sean penn,sean penn
sean william scott,Sean William Scott
sean william scott,sean william scott
seann william scott,Seann William Scott
seann william scott,seann william scott
seattle,Seattle
seattle,seattle
secret service,Secret Service
secret service,secret service
security guard,Security Guard
security guard,security guard
seduction,Seduction
seduction,seduction
see: the hours,See: The Hours
see: the hours,see: The Hours
seealso:when harry met sally (1989),SeeAlso:When Harry Met Sally (1989)
seealso:when harry met sally (1989),seeAlso:When Harry met Sally (1989)
seen 2006,Seen 2006
seen 2006,seen 2006
seen 2009,Seen 2009
seen 2009,seen 2009
seen 2010,Seen 2010
seen 2010,seen 2010
seen 2011,Seen 2011
seen 2011,seen 2011
seen 2012,Seen 2012
seen 2012,seen 2012
seen 2013,Seen 2013
seen 2013,seen 2013
seen 2014,Seen 2014
seen 2014,seen 2014
seen more than once,Seen more than once
seen more than once,seen more than once
segregation,Segregation
segregation,segregation
selena gomez,Selena Gomez
selena gomez,selena gomez
self indulgent,Self Indulgent
self indulgent,self indulgent
self-destructive romance,SELF-DESTRUCTIVE ROMANCE
self-destructive romance,self-destructive romance
self-discovery,Self-discovery
self-discovery,self-discovery
self-esteem,Self-Esteem
self-esteem,self-esteem
self-indulgent,Self-Indulgent
self-indulgent,self-indulgent
self-mutilation,Self-Mutilation
self-mutilation,self-mutilation
self-referential,Self-referential
self-referential,self-referential
self-satisfied,Self-satisfied
self-satisfied,self-satisfied
selfishness,Selfishness
selfishness,selfishness
senior citizens,Senior Citizens
senior citizens,senior citizens
sequel,Sequel
sequel,sequel
sequel fever,Sequel fever
sequel fever,sequel fever
serbia,Serbia
serbia,serbia
sergio leone,Sergio Leone
sergio leone,sergio leone
serial killer,Serial KIller
serial killer,Serial Killer
serial killer,Serial killer
serial killer,serial killer
serial killers,SERIAL KILLERS
serial killers,Serial killers
serial killers,serial killers
series,Series
series,series
set design,Set design
set design,set design
seth green,Seth Green
seth green,Seth green
seth rogan,Seth Rogan
seth rogan,seth rogan
seth rogen,Seth Rogen
seth rogen,seth rogen
sets,Sets
sets,sets
setting:casino,setting:Casino
setting:casino,setting:casino
setting:jungle,setting:Jungle
setting:jungle,setting:jungle
sex,Sex
sex,sex
sex comedy,Sex Comedy
sex comedy,sex comedy
sex scene,Sex Scene
sex scene,sex scene
sexism,Sexism
sexism,sexism
sexist,Sexist
sexist,sexist
sexual,Sexual
sexual,sexual
sexual awakening,SEXUAL AWAKENING
sexual awakening,sexual awakening
sexual content,Sexual content
sexual content,sexual content
sexual discovery,Sexual discovery
sexual discovery,sexual discovery
sexual harassment,Sexual Harassment
sexual harassment,sexual harassment
sexual humor,Sexual Humor
sexual humor,sexual humor
sexuality,Sexuality
sexuality,sexuality
sexualized violence,Sexualized violence
sexualized violence,sexualized violence
sexy,SEXY
sexy,sexy
shahrukh khan,ShahRukh Khan
shahrukh khan,Shahrukh Khan
shahrukh khan,shahrukh khan
shailene woodley,Shailene Woodley
shailene woodley,shailene woodley
shakespeare,Shakespeare
shakespeare,shakespeare
shaky cam,Shaky cam
shaky cam,shaky cam
shaky camera,Shaky camera
shaky camera,shaky camera
shane carruth,Shane Carruth
shane carruth,shane carruth
shane meadows,Shane Meadows
shane meadows,shane meadows
shanghai,Shanghai
shanghai,shanghai
shark,Shark
shark,shark
shaw brothers,Shaw Brothers
shaw brothers,shaw brothers
sheriff,Sheriff
sheriff,sheriff
sherlock holmes,Sherlock Holmes
sherlock holmes,sherlock holmes
shia labeouf,Shia LaBeouf
shia labeouf,shia labeouf
shiloh fernandez,Shiloh Fernandez
shiloh fernandez,shiloh fernandez
shipwreck,Shipwreck
shipwreck,shipwreck
shit,Shit
shit,shit
shock value,Shock value
shock value,shock value
shooting,Shooting
shooting,shooting
short,Short
short,short
short movie,Short Movie
short movie,short movie
shotgun,Shotgun
shotgun,shotgun
showdown,Showdown
showdown,showdown
si-fi,Si-fi
si-fi,si-fi
siberia,Siberia
siberia,siberia
sibling relationships,SIBLING RELATIONSHIPS
sibling relationships,sibling relationships
sick,Sick
sick,sick
sickening,Sickening
sickening,sickening
sidney lumet,Sidney Lumet
sidney lumet,sidney lumet
sidney poitier,Sidney Poitier
sidney poitier,sidney poitier
sienna miller,Sienna Miller
sienna miller,sienna miller
sigourney weaver,Sigourney Weaver
sigourney weaver,sigourney weaver
sigur rã³s,Sigur RÃ³s
sigur rã³s,sigur rÃ³s
silence,Silence
silence,silence
silent,Silent
silent,silent
silliness,Silliness
silliness,silliness
silly,Silly
silly,silly
simon pegg,Simon Pegg
simon pegg,Simon pegg
simon pegg,simon pegg
simple,Simple
simple,simple
simplistic,Simplistic
simplistic,simplistic
sincerity,Sincerity
sincerity,sincerity
singer,Singer
singer,singer
singing,Singing
singing,singing
single father,Single Father
single father,single father
single mother,Single Mother
single mother,single mother
single parent,Single Parent
single parent,single parent
single parents,SINGLE PARENTS
single parents,single parents
sissy spacek,Sissy Spacek
sissy spacek,sissy spacek
sisters,Sisters
sisters,sisters
skeletor,Skeletor
skeletor,skeletor
skiing,Skiing
skiing,skiing
skyscraper,Skyscraper
skyscraper,skyscraper
slang,Slang
slang,slang
slapstick,Slapstick
slapstick,slapstick
slasher,Slasher
slasher,slasher
slashy,Slashy
slashy,slashy
slavery,Slavery
slavery,slavery
sleep,Sleep
sleep,sleep
sleeper,Sleeper
sleeper,sleeper
slick,Slick
slick,slick
sloth,Sloth
sloth,sloth
slow,Slow
slow,slow
slow motion,Slow Motion
slow motion,slow motion
slow pacing,Slow Pacing
slow pacing,Slow pacing
slow pacing,slow pacing
small cast,Small cast
small cast,small cast
small town,Small Town
small town,small town
smart,Smart
smart,smart
smart writing,Smart writing
smart writing,smart writing
smoking,Smoking
smoking,smoking
snakes,Snakes
snakes,snakes
sniper,Sniper
sniper,sniper
snl,SNL
snl,snl
snl alums,SNL alums
snl alums,snl alums
snoop dogg,Snoop Dogg
snoop dogg,snoop dogg
snorricam,SnorriCam
snorricam,snorricam
so bad it's good,So bad it's good
so bad it's good,so bad it's good
so bad its good,So bad its good
so bad its good,so bad its good
so funny,SO funny
so funny,So funny
so sad,So sad
so sad,so sad
soccer,Soccer
soccer,soccer
social climbing,SOCIAL CLIMBING
social climbing,social climbing
social commentary,Social Commentary
social commentary,social commentary
social experiment,Social Experiment
social experiment,social experiment
socialism,Socialism
socialism,socialism
society,Society
society,society
sociopath,Sociopath
sociopath,sociopath
sofia coppola,Sofia Coppola
sofia coppola,sofia coppola
solipsism,Solipsism
solipsism,solipsism
somalia,Somalia
somalia,somalia
some funny parts,Some funny parts
some funny parts,some funny parts
songs,Songs
songs,songs
sophie marceau,Sophie Marceau
sophie marceau,sophie marceau
sophomoric,Sophomoric
sophomoric,sophomoric
soul,Soul
soul,soul
soundtrack,Soundtrack
soundtrack,soundtrack
south,South
south,south
south africa,South Africa
south africa,south africa
south america,South America
south america,south america
south dakota,South Dakota
south dakota,south dakota
south korea,South Korea
south korea,south korea
southern,Southern
southern,southern
southern theme,Southern theme
southern theme,southern theme
southern us,Southern US
southern us,southern US
southern us,southern us
soviet,Soviet
soviet,soviet
soviet union,Soviet Union
soviet union,soviet union
space,Space
space,space
space battle,Space battle
space battle,space battle
space opera,Space Opera
space opera,space opera
space station,Space Station
space station,space station
space travel,SPACE TRAVEL
space travel,space travel
space western,Space Western
space western,space western
spaghetti western,Spaghetti Western
spaghetti western,spaghetti western
spain,Spain
spain,spain
spanish,Spanish
spanish,spanish
spanish civil war,Spanish Civil War
spanish civil war,Spanish civil war
spanish civil war,spanish civil war
spanish culture,Spanish culture
spanish culture,spanish culture
spanish language,Spanish language
spanish language,spanish language
special,Special
special,special
special effects,Special Effects
special effects,Special effects
special effects,special effects
spielberg,Spielberg
spielberg,spielberg
spies,Spies
spies,spies
spike lee,Spike Lee
spike lee,spike lee
spin,Spin
spin,spin
spiritual,Spiritual
spiritual,spiritual
splatter,Splatter
splatter,splatter
spoof,Spoof
spoof,spoof
sport,Sport
sport,sport
sport:baseball,sport:Baseball
sport:baseball,sport:baseball
sports,Sports
sports,sports
spy,Spy
spy,spy
spy thriller,Spy Thriller
spy thriller,spy thriller
ss,SS
ss,ss
stalking,Stalking
stalking,stalking
stallone,Stallone
stallone,stallone
stand up,Stand Up
stand up,stand up
stand up comedy,Stand up Comedy
stand up comedy,stand up comedy
stand-up comedy,Stand-Up Comedy
stand-up comedy,Stand-up comedy
stand-up comedy,stand-up comedy
stanford,Stanford
stanford,stanford
stanley kramer,Stanley Kramer
stanley kramer,stanley kramer
stanley kubrick,Stanley Kubrick
stanley kubrick,stanley kubrick
star trek,Star Trek
star trek,star trek
star wars,Star Wars
star wars,Star wars
star wars,star wars
star wars ripoff,Star Wars ripoff
star wars ripoff,star wars ripoff
stargate,Stargate
stargate,stargate
starting over,STARTING OVER
starting over,starting over
stasi,Stasi
stasi,stasi
steampunk,Steampunk
steampunk,steampunk
stephen dorff,Stephen Dorff
stephen dorff,stephen dorff
stephen fry,Stephen Fry
stephen fry,stephen fry
stephen hawking,Stephen Hawking
stephen hawking,stephen hawking
stephen king,Stephen King
stephen king,stephen king
steroids,Steroids
steroids,steroids
steve buscemi,Steve Buscemi
steve buscemi,steve buscemi
steve buschemi,Steve Buschemi
steve buschemi,steve buschemi
steve carell,Steve Carell
steve carell,steve carell
steve carrell,Steve Carrell
steve carrell,steve carrell
steve coogan,Steve Coogan
steve coogan,steve coogan
steve martin,Steve Martin
steve martin,steve martin
steve mcqueen,Steve McQueen
steve mcqueen,steve mcqueen
steven king,Steven King
steven king,steven king
steven seagal,Steven Seagal
steven seagal,steven seagal
steven spielberg,Steven Spielberg
steven spielberg,steven spielberg
stilted dialogue,Stilted Dialogue
stilted dialogue,stilted dialogue
sting,Sting
sting,sting
stock market,Stock Market
stock market,stock market
stockard channing,Stockard Channing
stockard channing,stockard channing
stockholm syndrome,Stockholm syndrome
stockholm syndrome,stockholm syndrome
stoner,Stoner
stoner,stoner
stoner comedy,Stoner Comedy
stoner comedy,stoner comedy
stoner movie,Stoner Movie
stoner movie,stoner movie
stop motion,Stop Motion
stop motion,stop motion
story,Story
story,story
storytelling,Storytelling
storytelling,storytelling
straight forward,Straight forward
straight forward,straight forward
straightforward,Straightforward
straightforward,straightforward
stranded,Stranded
stranded,stranded
strange,Strange
strange,strange
street fighter,Street Fighter
street fighter,street fighter
street fighting,Street Fighting
street fighting,street fighting
street gangs,STREET GANGS
street gangs,street gangs
stress,Stress
stress,stress
strippers,Strippers
strippers,strippers
strong female,Strong female
strong female,strong female
strong story,Strong story
strong story,strong story
strong women,Strong Women
strong women,strong women
stuart townsend,Stuart Townsend
stuart townsend,stuart townsend
students,Students
students,students
studio ghibli,Studio Ghibli
studio ghibli,studio ghibli
stunning visual effects,Stunning visual effects
stunning visual effects,stunning visual effects
stunts,Stunts
stunts,stunts
stupid,STUPID
stupid,Stupid
stupid,stupid
stupid as hell,Stupid as Hell
stupid as hell,stupid as hell
stupid ending,Stupid Ending
stupid ending,Stupid ending
stupid ending,stupid ending
stupid people,Stupid people
stupid people,stupid people
stylised,Stylised
stylised,stylised
stylish,Stylish
stylish,stylish
stylistic,Stylistic
stylistic,stylistic
stylized,Stylized
stylized,stylized
subtitles,Subtitles
subtitles,subtitles
suburban dysfunction,SUBURBAN DYSFUNCTION
suburban dysfunction,suburban dysfunction
sucks,Sucks
sucks,sucks
suicide,SUICIDE
suicide,Suicide
suicide,suicide
suits,Suits
suits,suits
summer,Summer
summer,summer
summer camp,Summer Camp
summer camp,Summer camp
summer camp,summer camp
sundance award winner,Sundance Award Winner
sundance award winner,Sundance award winner
superb,SUPERB
superb,superb
superficial,Superficial
superficial,superficial
superhero,Superhero
superhero,superhero
superman,Superman
superman,superman
supernatural power,Supernatural Power
supernatural power,supernatural power
supernatural romance,SUPERNATURAL ROMANCE
supernatural romance,supernatural romance
surfing,Surfing
surfing,surfing
surprise ending,Surprise Ending
surprise ending,surprise ending
surprise octopus,Surprise Octopus
surprise octopus,surprise octopus
surreal,Surreal
surreal,surreal
surrealism,Surrealism
surrealism,surrealism
survival,SURVIVAL
survival,Survival
survival,survival
survival story,Survival Story
survival story,survival story
susan sarandon,Susan Sarandon
susan sarandon,susan sarandon
suspense,Suspense
suspense,suspense
suspenseful,Suspenseful
suspenseful,suspenseful
suspension of disbelief required,Suspension of disbelief required
suspension of disbelief required,suspension of disbelief required
swan lake,Swan Lake
swan lake,swan lake
swashbuckler,Swashbuckler
swashbuckler,swashbuckler
swearing,Swearing
swearing,swearing
sweden,Sweden
sweden,sweden
swedish,Swedish
swedish,swedish
sweet,Sweet
sweet,sweet
swing and a miss,Swing and a Miss
swing and a miss,Swing and a miss
switzerland,Switzerland
switzerland,switzerland
sword,Sword
sword,sword
sword fight,Sword Fight
sword fight,sword fight
sylvester stallone,Sylvester Stallone
sylvester stallone,sylvester stallone
symbolism,Symbolism
symbolism,symbolism
tag,TAG
tag,Tag
tag,tag
takeshi kitano,Takeshi Kitano
takeshi kitano,takeshi kitano
tales,Tales
tales,tales
taliban,Taliban
taliban,taliban
tanks,Tanks
tanks,tanks
taoism,Taoism
taoism,taoism
tarantino,Tarantino
tarantino,tarantino
taylor lautner,Taylor Lautner
taylor lautner,taylor lautner
teacher,Teacher
teacher,teacher
teamwork,Teamwork
teamwork,teamwork
tear jerker,Tear jerker
tear jerker,tear jerker
tearjerker,Tearjerker
tearjerker,tearjerker
technicolor,Technicolor
technicolor,technicolor
technology,Technology
technology,technology
teddy bear,Teddy Bear
teddy bear,teddy bear
tedious,Tedious
tedious,tedious
teen,Teen
teen,teen
teen movie,Teen movie
teen movie,teen movie
teen pregnancy,Teen Pregnancy
teen pregnancy,teen pregnancy
teenagers,Teenagers
teenagers,teenagers
teens,Teens
teens,teens
telepathy,Telepathy
telepathy,telepathy
television industry,Television Industry
television industry,television industry
telly savalas,Telly Savalas
telly savalas,telly savalas
temple,Temple
temple,temple
tense,Tense
tense,tense
terence hill,Terence Hill
terence hill,terence hill
terminal illness,Terminal Illness
terminal illness,terminal illness
terminator,Terminator
terminator,terminator
terrible,Terrible
terrible,terrible
terrible acting,Terrible Acting
terrible acting,terrible acting
terrible fight choreography,Terrible fight choreography
terrible fight choreography,terrible fight choreography
terrific cast,Terrific Cast
terrific cast,Terrific cast
terrorism,TERRORISM
terrorism,Terrorism
terrorism,terrorism
terry gilliam,Terry Gilliam
terry gilliam,terry gilliam
texas,Texas
texas,texas
thai,Thai
thai,thai
thailand,Thailand
thailand,thailand
thanksgiving,Thanksgiving
thanksgiving,thanksgiving
the acting,The acting
the acting,the acting
the beatles,The Beatles
the beatles,the beatles
the dog lives,The dog lives
the dog lives,the dog lives
the end,The End
the end,the end
the ending,The ending
the ending,the ending
the movie,The Movie
the movie,the movie
the plot,The plot
the plot,the plot
the rock,The Rock
the rock,the rock
the story,The story
the story,the story
the velvet underground,The Velvet Underground
the velvet underground,the velvet underground
theater,THEATER
theater,Theater
theater,theater
theatre,Theatre
theatre,theatre
theft,Theft
theft,theft
theme,Theme
theme,theme
theme song,Theme Song
theme song,theme song
themes,Themes
themes,themes
therapy,Therapy
therapy,therapy
third act,Third Act
third act,third act
thirty years' war,Thirty Years' War
thirty years' war,thirty years' war
thomas harris,Thomas Harris
thomas harris,thomas harris
thora birch,Thora Birch
thora birch,thora birch
though provoking,Though provoking
though provoking,though provoking
thriller,Thriller
thriller,thriller
thrilling,Thrilling
thrilling,thrilling
tibet,Tibet
tibet,tibet
tierhorror,Tierhorror
tierhorror,tierhorror
tiger,Tiger
tiger,tiger
til schweiger,Til Schweiger
til schweiger,til schweiger
tilda swinton,Tilda Swinton
tilda swinton,tilda swinton
tim allen,Tim Allen
tim allen,tim allen
tim burton,Tim Burton
tim burton,tim burton
tim curry,Tim Curry
tim curry,tim curry
tim robbins,Tim Robbins
tim robbins,tim Robbins
tim robbins,tim robbins
time paradox,Time Paradox
time paradox,Time paradox
time travel,TIME TRAVEL
time travel,Time Travel
time travel,Time travel
time travel,time travel
timelines,Timelines
timelines,timelines
tina fey,Tina Fey
tina fey,tina fey
titanic,Titanic
titanic,titanic
tits,Tits
tits,tits
tmnt,TMNT
tmnt,tmnt
tnmt,TNMT
tnmt,tnmt
to be continued,To Be Continued
to be continued,to be continued
to see,To  See
to see,To See
to see,to see
to see with rachel,To See with Rachel
to see with rachel,To see with Rachel
to watch,To Watch
to watch,to watch
tobe hooper,Tobe Hooper
tobe hooper,tobe hooper
tobey maguire,Tobey Maguire
tobey maguire,tobey maguire
todd haynes,Todd Haynes
todd haynes,todd haynes
tokyo,Tokyo
tokyo,tokyo
tolkien,Tolkien
tolkien,tolkien
tom arnold,Tom Arnold
tom arnold,tom arnold
tom clancy,Tom Clancy
tom clancy,tom clancy
tom cruise,Tom Cruise
tom cruise,Tom cruise
tom cruise,tom cruise
tom hanks,Tom Hanks
tom hanks,tom hanks
tom hardy,Tom Hardy
tom hardy,tom hardy
tom hulce,Tom Hulce
tom hulce,tom hulce
tom selleck,Tom Selleck
tom selleck,tom selleck
tom shadyac,Tom Shadyac
tom shadyac,tom shadyac
tom stoppard,Tom Stoppard
tom stoppard,tom stoppard
tom waits,Tom Waits
tom waits,tom waits
tommy lee jones,Tommy Lee Jones
tommy lee jones,tommy lee jones
tongue in cheek,Tongue in cheek
tongue in cheek,tongue in cheek
toni collette,Toni Collette
toni collette,toni collette
tony awards,Tony Awards
tony awards,tony awards
tony hawk,Tony Hawk
tony hawk,tony hawk
tony scott,Tony Scott
tony scott,tony scott
too fast,Too fast
too fast,too fast
too intense,Too intense
too intense,too intense
too long,TOO LONG
too long,Too Long
too long,Too long
too long,too long
too much cgi,Too Much CGI
too much cgi,too much cgi
too much comic relief,Too much comic relief
too much comic relief,too much comic relief
too much violence,TOO much violence
too much violence,too much violence
too predictable,Too predictable
too predictable,too predictable
too slow,Too slow
too slow,too slow
toothless,Toothless
toothless,toothless
topiary,Topiary
topiary,topiary
topic:aids/hiv,topic:AIDS/HIV
topic:aids/hiv,topic:aids/hiv
topic:hollywood industry,topic:Hollywood industry
topic:hollywood industry,topic:hollywood industry
tornado,Tornado
tornado,tornado
toronto,Toronto
toronto,toronto
torrente,Torrente
torrente,torrente
torture,Torture
torture,torture
toshiro mifune,Toshiro Mifune
toshiro mifune,toshiro mifune
totalitarianism,Totalitarianism
totalitarianism,totalitarianism
touching,Touching
touching,touching
tragedy,Tragedy
tragedy,tragedy
tragic,Tragic
tragic,tragic
trailer was misleading,Trailer was misleading
trailer was misleading,trailer was misleading
train,Train
train,train
training,Training
training,training
transformation,Transformation
transformation,transformation
transgendered,Transgendered
transgendered,transgendered
trash,Trash
trash,trash
treason,Treason
treason,treason
trench warfare,Trench Warfare
trench warfare,trench warfare
trent reznor,Trent Reznor
trent reznor,trent reznor
trey parker,Trey Parker
trey parker,trey parker
trial,Trial
trial,trial
trilogy,Trilogy
trilogy,trilogy
trippy,Trippy
trippy,trippy
troma,Troma
troma,troma
true story,True Story
true story,True story
true story,true story
true to book,True to Book
true to book,True to book
true to book,true to book
truth,Truth
truth,truth
tsunami,Tsunami
tsunami,tsunami
turkey,Turkey
turkey,turkey
turkish,Turkish
turkish,turkish
tuscany,Tuscany
tuscany,tuscany
tv,TV
tv,tv
tv miniseries,TV miniseries
tv miniseries,tv miniseries
tv movie,TV Movie
tv movie,TV movie
tv movie,tv movie
tv series,TV Series
tv series,TV series
tv series,tv series
tv show,TV show
tv show,tv show
twist,Twist
twist,twist
twist ending,Twist Ending
twist ending,Twist ending
twist ending,twist ending
twisted ending,Twisted Ending
twisted ending,twisted ending
twists,Twists
twists,twists
two great actors on screen for two hours!,Two great actors on screen for two hours!
two great actors on screen for two hours!,two great actors on screen for two hours!
tyler perry,Tyler Perry
tyler perry,tyler perry
typical,Typical
typical,typical
u2 song,U2 song
u2 song,u2 song
ufo,UFO
ufo,ufo
ufos,UFOS
ufos,UFOs
ufos,ufos
ugly,Ugly
ugly,ugly
uk,UK
uk,uk
ukraine,Ukraine
ukraine,ukraine
uma thurman,Uma Thurman
uma thurman,uma thurman
unconventional western,unconventional Western
unconventional western,unconventional western
undercover cops,Undercover Cops
undercover cops,undercover cops
underdeveloped,Underdeveloped
underdeveloped,underdeveloped
underdog,Underdog
underdog,underdog
underdogs,UNDERDOGS
underdogs,Underdogs
underdogs,underdogs
underrated,Underrated
underrated,underrated
underwater,Underwater
underwater,underwater
unemployment,Unemployment
unemployment,unemployment
uneven,Uneven
uneven,uneven
unexpected ending,Unexpected Ending
unexpected ending,unexpected ending
unflinching,Unflinching
unflinching,unflinching
unfunny,Unfunny
unfunny,unfunny
unicorns,Unicorns
unicorns,unicorns
union,Union
union,union
unions,Unions
unions,unions
unique,Unique
unique,unique
united nations,United Nations
united nations,united nations
universal monsters,Universal monsters
universal monsters,universal monsters
unjustified twists,Unjustified twists
unjustified twists,unjustified twists
unlikable characters,Unlikable characters
unlikable characters,unlikable characters
unlikable protagonist,Unlikable protagonist
unlikable protagonist,unlikable protagonist
unlikely friendships,UNLIKELY FRIENDSHIPS
unlikely friendships,unlikely friendships
unlikely heroes,UNLIKELY HEROES
unlikely heroes,unlikely heroes
unnecessary sequel,Unnecessary sequel
unnecessary sequel,unnecessary sequel
unnerving,Unnerving
unnerving,unnerving
unoriginal,Unoriginal
unoriginal,unoriginal
unpredictable,Unpredictable
unpredictable,unpredictable
unreal,Unreal
unreal,unreal
unreal dialogue,Unreal dialogue
unreal dialogue,unreal dialogue
unrealistic,Unrealistic
unrealistic,unrealistic
unrealistic ending,Unrealistic Ending
unrealistic ending,unrealistic ending
unrealistic plot,Unrealistic plot
unrealistic plot,unrealistic plot
unremarkable,Unremarkable
unremarkable,unremarkable
unrequited love,UNREQUITED LOVE
unrequited love,Unrequited Love
unrequited love,unrequited love
unsettling,Unsettling
unsettling,unsettling
unsimulated sex,Unsimulated Sex
unsimulated sex,unsimulated sex
unsteady-cam,Unsteady-cam
unsteady-cam,unsteady-cam
unusual,Unusual
unusual,unusual
unusual story,Unusual story
unusual story,unusual story
urban legend,Urban Legend
urban legend,urban legend
uruguay,Uruguay
uruguay,uruguay
us history,US History
us history,US history
us navy,US Navy
us navy,us navy
us president,US President
us president,US president
usa,USA
usa,usa
utah,Utah
utah,utah
vacation,Vacation
vacation,vacation
val kilmer,Val Kilmer
val kilmer,val kilmer
vampire,Vampire
vampire,vampire
vampires,Vampires
vampires,vampires
vanessa l. williams,Vanessa L. Williams
vanessa l. williams,vanessa l. williams
vanity,Vanity
vanity,vanity
vegas,Vegas
vegas,vegas
vengeance,Vengeance
vengeance,vengeance
venice,Venice
venice,venice
verbose,Verbose
verbose,verbose
vermont,Vermont
vermont,vermont
very emotional true story. very eye opening.,Very emotional true story. Very eye opening.
very emotional true story. very eye opening.,very emotional true story. very eye opening.
very funny,Very funny
very funny,very funny
very funny!,Very funny!
very funny!,very funny!
very good,VERY good
very good,very good
very good!,Very good!
very good!,very good!
very intense,Very intense
very intense,very intense
very interesting,Very interesting
very interesting,very interesting
very long,Very long
very long,very long
very violent,Very violent
very violent,very violent
very well done,VERY WELL done
very well done,very well done
veteran,Veteran
veteran,veteran
vhs,VHS
vhs,vhs
victorian,Victorian
victorian,victorian
video game connection,Video game connection
video game connection,video game connection
video game like,Video Game like
video game like,video game like
video games,Video games
video games,video games
vienna,Vienna
vienna,vienna
vietnam,Vietnam
vietnam,vietnam
vietnam war,Vietnam War
vietnam war,Vietnam war
vietnam war,vietnam war
viggo mortensen,Viggo Mortensen
viggo mortensen,viggo mortensen
vigilante,Vigilante
vigilante,vigilante
vikings,Vikings
vikings,vikings
vin diesel,Vin Diesel
vin diesel,vin diesel
vince vaughn,Vince Vaughn
vince vaughn,vince vaughn
vincent price,Vincent Price
vincent price,vincent price
ving rhames,Ving Rhames
ving rhames,ving rhames
vinnie jones,Vinnie Jones
vinnie jones,vinnie jones
viola davis,Viola Davis
viola davis,viola davis
violante placido,Violante Placido
violante placido,violante placido
violence,Violence
violence,violence
violent,Violent
violent,violent
violently silly,Violently silly
violently silly,violently silly
virginia,Virginia
virginia,virginia
virus,Virus
virus,virus
visionary,Visionary
visionary,visionary
visual effects,Visual Effects
visual effects,Visual effects
visual effects,visual effects
visually appealing,Visually appealing
visually appealing,visually appealing
visually stunning,Visually stunning
visually stunning,visually stunning
visuals,Visuals
visuals,visuals
voice over,Voice over
voice over,voice over
voice over narration,Voice Over Narration
voice over narration,voice over narration
von trier,Von Trier
von trier,von Trier
voodoo,VOODOO
voodoo,Voodoo
voodoo,voodoo
voyeurism,Voyeurism
voyeurism,voyeurism
vulgar,Vulgar
vulgar,vulgar
wachowski brothers,Wachowski Brothers
wachowski brothers,Wachowski brothers
wacky,Wacky
wacky,wacky
wales,Wales
wales,wales
wall,Wall
wall,wall
wall street,Wall Street
wall street,wall street
walter brennan,Walter Brennan
walter brennan,walter brennan
war,War
war,war
warwick davis,Warwick Davis
warwick davis,warwick davis
waste of time,Waste of Time
waste of time,Waste of time
waste of time,waste of time
wasted villain,Wasted villain
wasted villain,wasted villain
watch,Watch
watch,watch
watch again,Watch Again
watch again,Watch again
watch again,watch again
watched,Watched
watched,watched
watched 2008,Watched 2008
watched 2008,watched 2008
water,Water
water,water
way too long,WAY too long
way too long,way too long
weak,Weak
weak,weak
weak dialogue,Weak dialogue
weak dialogue,weak dialogue
weak directing,Weak directing
weak directing,weak directing
weak pacing,Weak pacing
weak pacing,weak pacing
weak plot,Weak Plot
weak plot,Weak plot
weak plot,weak plot
weak screenplay,Weak screenplay
weak screenplay,weak screenplay
weak sequel,Weak sequel
weak sequel,weak sequel
weak third act,Weak third act
weak third act,weak third act
web of lies,Web of Lies
web of lies,web of lies
wedding,Wedding
wedding,wedding
weihnachtsfilm,Weihnachtsfilm
weihnachtsfilm,weihnachtsfilm
weird,Weird
weird,weird
well acted,Well acted
well acted,well acted
well done,Well Done
well done,well done
well plotted,Well Plotted
well plotted,well plotted
welsh,Welsh
welsh,welsh
werewolves,Werewolves
werewolves,werewolves
werner herzog,Werner Herzog
werner herzog,werner herzog
wes anderson,Wes Anderson
wes anderson,wes anderson
wes craven,Wes Craven
wes craven,wes craven
west,West
west,west
west virginia,West Virginia
west virginia,west virginia
western,Western
western,western
western comedy,Western Comedy
western comedy,western comedy
whimsical,Whimsical
whimsical,whimsical
whit stillman meets diner,whit stillman meets Diner
whit stillman meets diner,whit stillman meets diner
white collar crime,White Collar Crime
white collar crime,white collar crime
white house,White House
white house,white house
white trash,White Trash
white trash,white trash
whitney houston,Whitney Houston
whitney houston,whitney houston
whores,Whores
whores,whores
why the terrorists hate us,Why the terrorists hate us
why the terrorists hate us,why the terrorists hate US
why?,Why?
why?,why?
widow,Widow
widow,widow
widower,Widower
widower,widower
wierd,Wierd
wierd,wierd
wild west,Wild West
wild west,wild west
wilderness,Wilderness
wilderness,wilderness
will ferrel,Will Ferrel
will ferrel,will ferrel
will ferrell,Will Ferrell
will ferrell,will ferrell
will smith,Will Smith
will smith,will smith
willem dafoe,Willem Dafoe
willem dafoe,willem dafoe
willem defoe,Willem Defoe
willem defoe,willem defoe
william gibson,William Gibson
william gibson,william gibson
william goldman,William Goldman
william goldman,william goldman
william s. burroughs,William S. Burroughs
william s. burroughs,william s. burroughs
william shatner,William Shatner
william shatner,william shatner
wing chun,Wing Chun
wing chun,wing chun
winona,WINONA
winona,Winona
winona ryder,Winona Ryder
winona ryder,winona ryder
winter,Winter
winter,winter
wistful,Wistful
wistful,wistful
witch,Witch
witch,witch
witchcraft,WITCHCRAFT
witchcraft,witchcraft
witches,Witches
witches,witches
witness protection,WITNESS PROTECTION
witness protection,Witness Protection
witness protection,witness protection
witty,Witty
witty,witty
wixom library,Wixom Library
wixom library,wixom library
wizard of oz,Wizard of Oz
wizard of oz,wizard of oz
wizards,Wizards
wizards,wizards
wolverine,Wolverine
wolverine,wolverine
wolves,Wolves
wolves,wolves
womanhood,Womanhood
womanhood,womanhood
women's lib,Women's Lib
women's lib,Women's lib
women's lib,women's lib
women's rights,Women's Rights
women's rights,Women's rights
women's rights,women's rights
wonderful,Wonderful
wonderful,wonderful
wong kar wai,Wong Kar Wai
wong kar wai,wong kar wai
wong kar-wai,Wong Kar-wai
wong kar-wai,wong kar-wai
wooden acting,Wooden Acting
wooden acting,Wooden acting
wooden acting,wooden acting
woods,Woods
woods,woods
woody allen,Woody Allen
woody allen,woody allen
woody allen is a terrible person,Woody Allen is a terrible person
woody allen is a terrible person,woody allen is a terrible person
world politics,World Politics
world politics,world politics
world record,World Record
world record,world record
world war 2,World War 2
world war 2,World war 2
world war 2,world war 2
world war i,World War I
world war i,world war I
world war ii,World War II
world war ii,world war II
world war ii,world war ii
world war iii,World War III
world war iii,world war III
worst movie ever,Worst movie ever
worst movie ever,worst movie ever
worst movie ever!,Worst movie ever!
worst movie ever!,worst movie ever!
worth watching,Worth watching
worth watching,worth watching
wow!,Wow!
wow!,wow!
writer,Writer
writer,writer
writer's life,WRITER'S LIFE
writer's life,writer's life
writing,Writing
writing,writing
wtf,WTF
wtf,wtf
wtf?,WTF?
wtf?,wtf?
ww2,WW2
ww2,ww2
wwii,WWII
wwii,wwII
wwii,wwii
wyatt earp,Wyatt Earp
wyatt earp,wyatt earp
x-men,X-men
x-men,x-men
yakuza,Yakuza
yakuza,yakuza
yayan ruhian,Yayan Ruhian
yayan ruhian,yayan ruhian
yemen,Yemen
yemen,yemen
yoga,Yoga
yoga,yoga
young adult,Young Adult
young adult,young adult
young love,Young love
young love,young love
young people,Young people
young people,young people
youth,Youth
youth,youth
zhang yimou,Zhang Yimou
zhang yimou,zhang yimou
zimbabwe,Zimbabwe
zimbabwe,zimbabwe
zizek,Zizek
zizek,zizek
zizek's pick,Zizek's pick
zizek's pick,zizek's pick
zombie,Zombie
zombie,zombie
zombies,ZOMBIES
zombies,Zombies
zombies,zombies
zooey deschanel,Zooey Deschanel
zooey deschanel,zooey deschanel
